,Type,Date,Ticker,Position,Price,PnL,ROE,Trade_Length,Cumm,DD
0,BUY ORDER,21-08-2015,MICR.BO,1,30.95,,,,,
1,BUY ORDER,24-08-2015,MICR.BO,1,30.95,,,,,
2,BUY ORDER,25-08-2015,MICR.BO,1,30.95,,,,,
3,BUY ORDER,26-08-2015,MICR.BO,1,30.95,,,,,
4,BUY ORDER,27-08-2015,MICR.BO,1,30.95,,,,,
5,BUY ORDER,28-08-2015,MICR.BO,1,30.95,,,,,
6,BUY ORDER,31-08-2015,MICR.BO,1,30.95,,,,,
7,BUY ORDER,01-09-2015,MICR.BO,1,30.95,,,,,
8,BUY ORDER,02-09-2015,MICR.BO,1,30.95,,,,,
9,BUY ORDER,03-09-2015,MICR.BO,1,30.95,,,,,
10,BUY ORDER,04-09-2015,MICR.BO,1,30.95,,,,,
11,BUY ORDER,07-09-2015,MICR.BO,1,30.95,,,,,
12,BUY ORDER,08-09-2015,MICR.BO,1,30.95,,,,,
13,BUY ORDER,09-09-2015,MICR.BO,1,30.95,,,,,
14,BUY ORDER,10-09-2015,MICR.BO,1,30.95,,,,,
15,BUY ORDER,11-09-2015,MICR.BO,1,30.95,,,,,
16,BUY ORDER,14-09-2015,MICR.BO,1,30.95,,,,,
17,BUY ORDER,15-09-2015,MICR.BO,1,30.95,,,,,
18,BUY ORDER,16-09-2015,MICR.BO,1,30.95,,,,,
19,BUY ORDER,18-09-2015,MICR.BO,1,30.95,,,,,
20,BUY ORDER,21-09-2015,MICR.BO,1,30.95,,,,,
21,BUY ORDER,22-09-2015,MICR.BO,1,30.95,,,,,
22,BUY ORDER,23-09-2015,MICR.BO,1,30.95,,,,,
23,BUY ORDER,24-09-2015,MICR.BO,1,30.95,,,,,
24,BUY ORDER,28-09-2015,MICR.BO,1,30.95,,,,,
25,BUY ORDER,29-09-2015,MICR.BO,1,30.95,,,,,
26,BUY ORDER,30-09-2015,MICR.BO,1,30.95,,,,,
27,BUY ORDER,01-10-2015,MICR.BO,1,30.95,,,,,
28,BUY ORDER,05-10-2015,MICR.BO,1,30.95,,,,,
29,BUY ORDER,06-10-2015,MICR.BO,1,30.95,,,,,
30,BUY ORDER,07-10-2015,MICR.BO,1,30.95,,,,,
31,BUY ORDER,08-10-2015,MICR.BO,1,30.95,,,,,
32,BUY ORDER,09-10-2015,MICR.BO,1,30.95,,,,,
33,BUY ORDER,12-10-2015,MICR.BO,1,30.95,,,,,
34,BUY ORDER,13-10-2015,MICR.BO,1,30.95,,,,,
35,BUY TRADE,14-10-2015,MICR.BO,1,30.95,,,,,
36,SELL ORDER,14-10-2015,MICR.BO,-1,25.1,,,,,
37,SELL ORDER,15-10-2015,MICR.BO,-1,25.1,,,,,
38,SELL ORDER,16-10-2015,MICR.BO,-1,25.1,,,,,
39,SELL ORDER,19-10-2015,MICR.BO,-1,25.1,,,,,
40,SELL ORDER,20-10-2015,MICR.BO,-1,25.1,,,,,
41,SELL ORDER,21-10-2015,MICR.BO,-1,25.1,,,,,
42,SELL ORDER,23-10-2015,MICR.BO,-1,25.1,,,,,
43,SELL ORDER,26-10-2015,MICR.BO,-1,25.1,,,,,
44,SELL ORDER,27-10-2015,MICR.BO,-1,25.1,,,,,
45,SELL ORDER,28-10-2015,MICR.BO,-1,25.1,,,,,
46,SELL ORDER,29-10-2015,MICR.BO,-1,25.1,,,,,
47,SELL ORDER,30-10-2015,MICR.BO,-1,25.1,,,,,
48,SELL ORDER,02-11-2015,MICR.BO,-1,25.1,,,,,
49,SELL ORDER,03-11-2015,MICR.BO,-1,25.1,,,,,
50,SELL ORDER,04-11-2015,MICR.BO,-1,25.1,,,,,
51,SELL ORDER,05-11-2015,MICR.BO,-1,25.1,,,,,
52,SELL ORDER,06-11-2015,MICR.BO,-1,25.1,,,,,
53,SELL ORDER,09-11-2015,MICR.BO,-1,25.1,,,,,
54,SELL ORDER,10-11-2015,MICR.BO,-1,25.1,,,,,
55,SELL ORDER,11-11-2015,MICR.BO,-1,28.6,,,,,
56,SELL ORDER,13-11-2015,MICR.BO,-1,28.6,,,,,
57,SELL TRADE,16-11-2015,MICR.BO,-1,28.6,,,,,
58,HISAB,16-11-2015,MICR.BO,LONG,29.0,-2.35,-6.3,21.0,-2.35,0.0
59,BUY ORDER,16-11-2015,MICR.BO,1,33.9,,,,,
60,BUY ORDER,17-11-2015,MICR.BO,1,33.9,,,,,
61,BUY ORDER,18-11-2015,MICR.BO,1,33.9,,,,,
62,BUY ORDER,19-11-2015,MICR.BO,1,33.9,,,,,
63,BUY ORDER,20-11-2015,MICR.BO,1,33.9,,,,,
64,BUY ORDER,23-11-2015,MICR.BO,1,33.9,,,,,
65,BUY ORDER,24-11-2015,MICR.BO,1,33.9,,,,,
66,BUY ORDER,26-11-2015,MICR.BO,1,33.9,,,,,
67,BUY ORDER,27-11-2015,MICR.BO,1,33.9,,,,,
68,BUY ORDER,30-11-2015,MICR.BO,1,33.9,,,,,
69,BUY ORDER,01-12-2015,MICR.BO,1,33.9,,,,,
70,BUY ORDER,02-12-2015,MICR.BO,1,33.9,,,,,
71,BUY ORDER,03-12-2015,MICR.BO,1,33.9,,,,,
72,BUY ORDER,04-12-2015,MICR.BO,1,33.9,,,,,
73,BUY ORDER,07-12-2015,MICR.BO,1,33.9,,,,,
74,BUY ORDER,08-12-2015,MICR.BO,1,33.9,,,,,
75,BUY ORDER,09-12-2015,MICR.BO,1,33.9,,,,,
76,BUY ORDER,10-12-2015,MICR.BO,1,33.9,,,,,
77,BUY ORDER,11-12-2015,MICR.BO,1,33.9,,,,,
78,BUY ORDER,14-12-2015,MICR.BO,1,33.9,,,,,
79,BUY ORDER,15-12-2015,MICR.BO,1,33.9,,,,,
80,BUY ORDER,16-12-2015,MICR.BO,1,33.9,,,,,
81,BUY ORDER,17-12-2015,MICR.BO,1,33.9,,,,,
82,BUY ORDER,18-12-2015,MICR.BO,1,33.9,,,,,
83,BUY ORDER,21-12-2015,MICR.BO,1,33.9,,,,,
84,BUY ORDER,22-12-2015,MICR.BO,1,33.9,,,,,
85,BUY ORDER,23-12-2015,MICR.BO,1,33.9,,,,,
86,BUY ORDER,24-12-2015,MICR.BO,1,33.9,,,,,
87,BUY TRADE,28-12-2015,MICR.BO,1,33.9,,,,,
88,SELL ORDER,28-12-2015,MICR.BO,-1,26.6,,,,,
89,SELL ORDER,29-12-2015,MICR.BO,-1,26.6,,,,,
90,SELL ORDER,30-12-2015,MICR.BO,-1,26.6,,,,,
91,SELL ORDER,31-12-2015,MICR.BO,-1,26.6,,,,,
92,SELL ORDER,01-01-2016,MICR.BO,-1,26.6,,,,,
93,SELL ORDER,04-01-2016,MICR.BO,-1,26.6,,,,,
94,SELL ORDER,05-01-2016,MICR.BO,-1,26.6,,,,,
95,SELL ORDER,06-01-2016,MICR.BO,-1,26.6,,,,,
96,SELL ORDER,07-01-2016,MICR.BO,-1,26.6,,,,,
97,SELL ORDER,08-01-2016,MICR.BO,-1,26.6,,,,,
98,SELL ORDER,11-01-2016,MICR.BO,-1,26.6,,,,,
99,SELL ORDER,12-01-2016,MICR.BO,-1,33.5,,,,,
100,SELL TRADE,13-01-2016,MICR.BO,-1,33.5,,,,,
101,HISAB,13-01-2016,MICR.BO,LONG,37.0,-0.4,9.14,12.0,-2.75,0.3999999999999999
102,BUY ORDER,13-01-2016,MICR.BO,1,39.0,,,,,
103,BUY ORDER,14-01-2016,MICR.BO,1,39.0,,,,,
104,BUY ORDER,15-01-2016,MICR.BO,1,39.0,,,,,
105,BUY ORDER,18-01-2016,MICR.BO,1,39.0,,,,,
106,BUY ORDER,19-01-2016,MICR.BO,1,39.0,,,,,
107,BUY ORDER,20-01-2016,MICR.BO,1,39.0,,,,,
108,BUY ORDER,21-01-2016,MICR.BO,1,39.0,,,,,
109,BUY ORDER,22-01-2016,MICR.BO,1,39.0,,,,,
110,BUY ORDER,25-01-2016,MICR.BO,1,39.0,,,,,
111,BUY ORDER,27-01-2016,MICR.BO,1,39.0,,,,,
112,BUY ORDER,28-01-2016,MICR.BO,1,39.0,,,,,
113,BUY ORDER,29-01-2016,MICR.BO,1,39.0,,,,,
114,BUY ORDER,01-02-2016,MICR.BO,1,39.0,,,,,
115,BUY ORDER,02-02-2016,MICR.BO,1,39.0,,,,,
116,BUY ORDER,03-02-2016,MICR.BO,1,39.0,,,,,
117,BUY ORDER,04-02-2016,MICR.BO,1,39.0,,,,,
118,BUY ORDER,05-02-2016,MICR.BO,1,39.0,,,,,
119,BUY ORDER,08-02-2016,MICR.BO,1,39.0,,,,,
120,BUY ORDER,09-02-2016,MICR.BO,1,39.0,,,,,
121,BUY ORDER,10-02-2016,MICR.BO,1,39.0,,,,,
122,BUY ORDER,11-02-2016,MICR.BO,1,39.0,,,,,
123,BUY ORDER,12-02-2016,MICR.BO,1,39.0,,,,,
124,BUY ORDER,15-02-2016,MICR.BO,1,39.0,,,,,
125,BUY ORDER,16-02-2016,MICR.BO,1,39.0,,,,,
126,BUY ORDER,17-02-2016,MICR.BO,1,39.0,,,,,
127,BUY ORDER,18-02-2016,MICR.BO,1,39.0,,,,,
128,BUY ORDER,19-02-2016,MICR.BO,1,39.0,,,,,
129,BUY ORDER,22-02-2016,MICR.BO,1,39.0,,,,,
130,BUY ORDER,23-02-2016,MICR.BO,1,39.0,,,,,
131,BUY ORDER,24-02-2016,MICR.BO,1,39.0,,,,,
132,BUY ORDER,25-02-2016,MICR.BO,1,39.0,,,,,
133,BUY ORDER,26-02-2016,MICR.BO,1,39.0,,,,,
134,BUY ORDER,29-02-2016,MICR.BO,1,39.0,,,,,
135,BUY ORDER,01-03-2016,MICR.BO,1,39.0,,,,,
136,BUY ORDER,02-03-2016,MICR.BO,1,39.0,,,,,
137,BUY ORDER,03-03-2016,MICR.BO,1,39.0,,,,,
138,BUY ORDER,04-03-2016,MICR.BO,1,39.0,,,,,
139,BUY ORDER,08-03-2016,MICR.BO,1,39.0,,,,,
140,BUY ORDER,09-03-2016,MICR.BO,1,39.0,,,,,
141,BUY ORDER,10-03-2016,MICR.BO,1,39.0,,,,,
142,BUY ORDER,11-03-2016,MICR.BO,1,39.0,,,,,
143,BUY ORDER,14-03-2016,MICR.BO,1,39.0,,,,,
144,BUY ORDER,15-03-2016,MICR.BO,1,39.0,,,,,
145,BUY ORDER,16-03-2016,MICR.BO,1,39.0,,,,,
146,BUY ORDER,17-03-2016,MICR.BO,1,39.0,,,,,
147,BUY ORDER,18-03-2016,MICR.BO,1,39.0,,,,,
148,BUY ORDER,21-03-2016,MICR.BO,1,39.0,,,,,
149,BUY ORDER,22-03-2016,MICR.BO,1,39.0,,,,,
150,BUY ORDER,23-03-2016,MICR.BO,1,39.0,,,,,
151,BUY ORDER,28-03-2016,MICR.BO,1,39.0,,,,,
152,BUY ORDER,29-03-2016,MICR.BO,1,39.0,,,,,
153,BUY ORDER,30-03-2016,MICR.BO,1,39.0,,,,,
154,BUY ORDER,31-03-2016,MICR.BO,1,39.0,,,,,
155,BUY ORDER,01-04-2016,MICR.BO,1,39.0,,,,,
156,BUY ORDER,04-04-2016,MICR.BO,1,39.0,,,,,
157,BUY ORDER,05-04-2016,MICR.BO,1,39.0,,,,,
158,BUY ORDER,06-04-2016,MICR.BO,1,39.0,,,,,
159,BUY ORDER,07-04-2016,MICR.BO,1,39.0,,,,,
160,BUY ORDER,08-04-2016,MICR.BO,1,39.0,,,,,
161,BUY ORDER,11-04-2016,MICR.BO,1,39.0,,,,,
162,BUY ORDER,12-04-2016,MICR.BO,1,39.0,,,,,
163,BUY ORDER,13-04-2016,MICR.BO,1,39.0,,,,,
164,BUY ORDER,18-04-2016,MICR.BO,1,39.0,,,,,
165,BUY ORDER,20-04-2016,MICR.BO,1,39.0,,,,,
166,BUY ORDER,21-04-2016,MICR.BO,1,39.0,,,,,
167,BUY ORDER,22-04-2016,MICR.BO,1,39.0,,,,,
168,BUY ORDER,25-04-2016,MICR.BO,1,39.0,,,,,
169,BUY ORDER,26-04-2016,MICR.BO,1,39.0,,,,,
170,BUY ORDER,27-04-2016,MICR.BO,1,39.0,,,,,
171,BUY ORDER,28-04-2016,MICR.BO,1,39.0,,,,,
172,BUY ORDER,29-04-2016,MICR.BO,1,39.0,,,,,
173,BUY ORDER,02-05-2016,MICR.BO,1,39.0,,,,,
174,BUY ORDER,03-05-2016,MICR.BO,1,39.0,,,,,
175,BUY ORDER,04-05-2016,MICR.BO,1,39.0,,,,,
176,BUY ORDER,05-05-2016,MICR.BO,1,36.0,,,,,
177,BUY ORDER,06-05-2016,MICR.BO,1,36.0,,,,,
178,BUY ORDER,09-05-2016,MICR.BO,1,36.0,,,,,
179,BUY ORDER,10-05-2016,MICR.BO,1,36.0,,,,,
180,BUY ORDER,11-05-2016,MICR.BO,1,36.0,,,,,
181,BUY ORDER,12-05-2016,MICR.BO,1,36.0,,,,,
182,BUY ORDER,13-05-2016,MICR.BO,1,36.0,,,,,
183,BUY ORDER,16-05-2016,MICR.BO,1,36.0,,,,,
184,BUY ORDER,17-05-2016,MICR.BO,1,36.0,,,,,
185,BUY ORDER,18-05-2016,MICR.BO,1,36.0,,,,,
186,BUY ORDER,19-05-2016,MICR.BO,1,36.0,,,,,
187,BUY ORDER,20-05-2016,MICR.BO,1,36.0,,,,,
188,BUY ORDER,23-05-2016,MICR.BO,1,36.0,,,,,
189,BUY ORDER,24-05-2016,MICR.BO,1,36.0,,,,,
190,BUY ORDER,25-05-2016,MICR.BO,1,36.0,,,,,
191,BUY ORDER,26-05-2016,MICR.BO,1,36.0,,,,,
192,BUY ORDER,27-05-2016,MICR.BO,1,36.0,,,,,
193,BUY ORDER,30-05-2016,MICR.BO,1,36.0,,,,,
194,BUY ORDER,31-05-2016,MICR.BO,1,36.0,,,,,
195,BUY ORDER,01-06-2016,MICR.BO,1,36.0,,,,,
196,BUY ORDER,02-06-2016,MICR.BO,1,36.0,,,,,
197,BUY ORDER,03-06-2016,MICR.BO,1,36.0,,,,,
198,BUY ORDER,06-06-2016,MICR.BO,1,36.0,,,,,
199,BUY ORDER,07-06-2016,MICR.BO,1,36.0,,,,,
200,BUY ORDER,08-06-2016,MICR.BO,1,36.0,,,,,
201,BUY ORDER,09-06-2016,MICR.BO,1,36.0,,,,,
202,BUY ORDER,10-06-2016,MICR.BO,1,36.0,,,,,
203,BUY ORDER,13-06-2016,MICR.BO,1,36.0,,,,,
204,BUY ORDER,14-06-2016,MICR.BO,1,36.0,,,,,
205,BUY ORDER,15-06-2016,MICR.BO,1,36.0,,,,,
206,BUY ORDER,16-06-2016,MICR.BO,1,36.0,,,,,
207,BUY ORDER,17-06-2016,MICR.BO,1,36.0,,,,,
208,BUY ORDER,20-06-2016,MICR.BO,1,36.0,,,,,
209,BUY ORDER,21-06-2016,MICR.BO,1,36.0,,,,,
210,BUY ORDER,22-06-2016,MICR.BO,1,36.0,,,,,
211,BUY ORDER,23-06-2016,MICR.BO,1,36.0,,,,,
212,BUY ORDER,24-06-2016,MICR.BO,1,36.0,,,,,
213,BUY ORDER,27-06-2016,MICR.BO,1,36.0,,,,,
214,BUY ORDER,28-06-2016,MICR.BO,1,36.0,,,,,
215,BUY ORDER,29-06-2016,MICR.BO,1,36.0,,,,,
216,BUY ORDER,30-06-2016,MICR.BO,1,36.0,,,,,
217,BUY ORDER,01-07-2016,MICR.BO,1,36.0,,,,,
218,BUY ORDER,04-07-2016,MICR.BO,1,36.0,,,,,
219,BUY ORDER,05-07-2016,MICR.BO,1,36.0,,,,,
220,BUY ORDER,07-07-2016,MICR.BO,1,36.0,,,,,
221,BUY ORDER,08-07-2016,MICR.BO,1,36.0,,,,,
222,BUY ORDER,11-07-2016,MICR.BO,1,36.0,,,,,
223,BUY ORDER,12-07-2016,MICR.BO,1,36.0,,,,,
224,BUY ORDER,13-07-2016,MICR.BO,1,36.0,,,,,
225,BUY ORDER,14-07-2016,MICR.BO,1,36.0,,,,,
226,BUY ORDER,15-07-2016,MICR.BO,1,36.0,,,,,
227,BUY ORDER,18-07-2016,MICR.BO,1,36.0,,,,,
228,BUY ORDER,19-07-2016,MICR.BO,1,36.0,,,,,
229,BUY ORDER,20-07-2016,MICR.BO,1,36.0,,,,,
230,BUY ORDER,21-07-2016,MICR.BO,1,36.0,,,,,
231,BUY ORDER,22-07-2016,MICR.BO,1,36.0,,,,,
232,BUY ORDER,25-07-2016,MICR.BO,1,36.0,,,,,
233,BUY ORDER,26-07-2016,MICR.BO,1,36.0,,,,,
234,BUY ORDER,27-07-2016,MICR.BO,1,36.0,,,,,
235,BUY ORDER,28-07-2016,MICR.BO,1,36.0,,,,,
236,BUY ORDER,29-07-2016,MICR.BO,1,36.0,,,,,
237,BUY ORDER,01-08-2016,MICR.BO,1,36.0,,,,,
238,BUY ORDER,02-08-2016,MICR.BO,1,36.0,,,,,
239,BUY ORDER,03-08-2016,MICR.BO,1,36.0,,,,,
240,BUY ORDER,04-08-2016,MICR.BO,1,36.0,,,,,
241,BUY ORDER,05-08-2016,MICR.BO,1,36.0,,,,,
242,BUY ORDER,08-08-2016,MICR.BO,1,36.0,,,,,
243,BUY TRADE,09-08-2016,MICR.BO,1,42.6,,,,,
244,SELL ORDER,09-08-2016,MICR.BO,-1,28.0,,,,,
245,SELL ORDER,10-08-2016,MICR.BO,-1,28.0,,,,,
246,SELL ORDER,11-08-2016,MICR.BO,-1,28.0,,,,,
247,SELL ORDER,12-08-2016,MICR.BO,-1,28.0,,,,,
248,SELL ORDER,16-08-2016,MICR.BO,-1,28.0,,,,,
249,SELL ORDER,17-08-2016,MICR.BO,-1,28.0,,,,,
250,SELL ORDER,18-08-2016,MICR.BO,-1,28.0,,,,,
251,SELL ORDER,19-08-2016,MICR.BO,-1,28.0,,,,,
252,SELL ORDER,22-08-2016,MICR.BO,-1,28.0,,,,,
253,SELL ORDER,23-08-2016,MICR.BO,-1,28.0,,,,,
254,SELL ORDER,24-08-2016,MICR.BO,-1,28.0,,,,,
255,SELL ORDER,25-08-2016,MICR.BO,-1,28.0,,,,,
256,SELL ORDER,26-08-2016,MICR.BO,-1,28.0,,,,,
257,SELL ORDER,29-08-2016,MICR.BO,-1,28.0,,,,,
258,SELL ORDER,30-08-2016,MICR.BO,-1,28.0,,,,,
259,SELL ORDER,31-08-2016,MICR.BO,-1,28.0,,,,,
260,SELL ORDER,01-09-2016,MICR.BO,-1,28.0,,,,,
261,SELL ORDER,02-09-2016,MICR.BO,-1,28.0,,,,,
262,SELL ORDER,06-09-2016,MICR.BO,-1,28.0,,,,,
263,SELL ORDER,07-09-2016,MICR.BO,-1,28.0,,,,,
264,SELL ORDER,08-09-2016,MICR.BO,-1,28.0,,,,,
265,SELL ORDER,09-09-2016,MICR.BO,-1,28.0,,,,,
266,SELL ORDER,12-09-2016,MICR.BO,-1,28.0,,,,,
267,SELL ORDER,14-09-2016,MICR.BO,-1,28.0,,,,,
268,SELL ORDER,15-09-2016,MICR.BO,-1,28.0,,,,,
269,SELL ORDER,16-09-2016,MICR.BO,-1,36.25,,,,,
270,SELL ORDER,19-09-2016,MICR.BO,-1,36.25,,,,,
271,SELL TRADE,20-09-2016,MICR.BO,-1,36.25,,,,,
272,HISAB,20-09-2016,MICR.BO,LONG,37.55,-6.35,-11.85,27.0,-9.1,6.75
273,BUY ORDER,20-09-2016,MICR.BO,1,44.4,,,,,
274,BUY ORDER,21-09-2016,MICR.BO,1,44.4,,,,,
275,BUY ORDER,22-09-2016,MICR.BO,1,44.4,,,,,
276,BUY ORDER,23-09-2016,MICR.BO,1,44.4,,,,,
277,BUY ORDER,26-09-2016,MICR.BO,1,44.4,,,,,
278,BUY ORDER,27-09-2016,MICR.BO,1,44.4,,,,,
279,BUY ORDER,28-09-2016,MICR.BO,1,44.4,,,,,
280,BUY ORDER,29-09-2016,MICR.BO,1,44.4,,,,,
281,BUY ORDER,30-09-2016,MICR.BO,1,44.4,,,,,
282,BUY ORDER,03-10-2016,MICR.BO,1,44.4,,,,,
283,BUY ORDER,04-10-2016,MICR.BO,1,44.4,,,,,
284,BUY ORDER,05-10-2016,MICR.BO,1,44.4,,,,,
285,BUY ORDER,06-10-2016,MICR.BO,1,44.4,,,,,
286,BUY ORDER,07-10-2016,MICR.BO,1,44.4,,,,,
287,BUY ORDER,10-10-2016,MICR.BO,1,39.75,,,,,
288,BUY ORDER,13-10-2016,MICR.BO,1,39.75,,,,,
289,BUY ORDER,14-10-2016,MICR.BO,1,39.75,,,,,
290,BUY ORDER,17-10-2016,MICR.BO,1,39.75,,,,,
291,BUY ORDER,18-10-2016,MICR.BO,1,39.75,,,,,
292,BUY TRADE,19-10-2016,MICR.BO,1,39.75,,,,,
293,SELL ORDER,19-10-2016,MICR.BO,-1,33.3,,,,,
294,SELL ORDER,20-10-2016,MICR.BO,-1,33.3,,,,,
295,SELL ORDER,21-10-2016,MICR.BO,-1,33.3,,,,,
296,SELL ORDER,24-10-2016,MICR.BO,-1,33.3,,,,,
297,SELL ORDER,25-10-2016,MICR.BO,-1,33.3,,,,,
298,SELL ORDER,26-10-2016,MICR.BO,-1,33.3,,,,,
299,SELL ORDER,27-10-2016,MICR.BO,-1,33.3,,,,,
300,SELL ORDER,28-10-2016,MICR.BO,-1,33.3,,,,,
301,SELL ORDER,30-10-2016,MICR.BO,-1,38.1,,,,,
302,SELL ORDER,01-11-2016,MICR.BO,-1,38.1,,,,,
303,SELL ORDER,02-11-2016,MICR.BO,-1,38.1,,,,,
304,SELL ORDER,03-11-2016,MICR.BO,-1,38.1,,,,,
305,SELL ORDER,04-11-2016,MICR.BO,-1,38.1,,,,,
306,SELL ORDER,07-11-2016,MICR.BO,-1,38.1,,,,,
307,SELL ORDER,08-11-2016,MICR.BO,-1,38.1,,,,,
308,SELL TRADE,09-11-2016,MICR.BO,-1,38.1,,,,,
309,HISAB,09-11-2016,MICR.BO,LONG,39.0,-1.65,-1.89,15.0,-10.75,8.4
310,BUY ORDER,09-11-2016,MICR.BO,1,47.0,,,,,
311,BUY ORDER,10-11-2016,MICR.BO,1,47.0,,,,,
312,BUY ORDER,11-11-2016,MICR.BO,1,47.0,,,,,
313,BUY ORDER,15-11-2016,MICR.BO,1,47.0,,,,,
314,BUY ORDER,16-11-2016,MICR.BO,1,47.0,,,,,
315,BUY ORDER,17-11-2016,MICR.BO,1,47.0,,,,,
316,BUY ORDER,18-11-2016,MICR.BO,1,47.0,,,,,
317,BUY ORDER,21-11-2016,MICR.BO,1,47.0,,,,,
318,BUY ORDER,22-11-2016,MICR.BO,1,47.0,,,,,
319,BUY ORDER,23-11-2016,MICR.BO,1,47.0,,,,,
320,BUY ORDER,24-11-2016,MICR.BO,1,47.0,,,,,
321,BUY ORDER,25-11-2016,MICR.BO,1,47.0,,,,,
322,BUY ORDER,28-11-2016,MICR.BO,1,47.0,,,,,
323,BUY ORDER,29-11-2016,MICR.BO,1,47.0,,,,,
324,BUY ORDER,30-11-2016,MICR.BO,1,47.0,,,,,
325,BUY ORDER,01-12-2016,MICR.BO,1,47.0,,,,,
326,BUY ORDER,02-12-2016,MICR.BO,1,47.0,,,,,
327,BUY ORDER,05-12-2016,MICR.BO,1,47.0,,,,,
328,BUY ORDER,06-12-2016,MICR.BO,1,47.0,,,,,
329,BUY ORDER,07-12-2016,MICR.BO,1,47.0,,,,,
330,BUY ORDER,08-12-2016,MICR.BO,1,47.0,,,,,
331,BUY ORDER,09-12-2016,MICR.BO,1,47.0,,,,,
332,BUY ORDER,12-12-2016,MICR.BO,1,47.0,,,,,
333,BUY ORDER,13-12-2016,MICR.BO,1,47.0,,,,,
334,BUY ORDER,14-12-2016,MICR.BO,1,47.0,,,,,
335,BUY ORDER,15-12-2016,MICR.BO,1,47.0,,,,,
336,BUY ORDER,16-12-2016,MICR.BO,1,47.0,,,,,
337,BUY ORDER,19-12-2016,MICR.BO,1,47.0,,,,,
338,BUY ORDER,20-12-2016,MICR.BO,1,47.0,,,,,
339,BUY ORDER,21-12-2016,MICR.BO,1,47.0,,,,,
340,BUY ORDER,22-12-2016,MICR.BO,1,47.0,,,,,
341,BUY ORDER,23-12-2016,MICR.BO,1,47.0,,,,,
342,BUY ORDER,26-12-2016,MICR.BO,1,47.0,,,,,
343,BUY ORDER,27-12-2016,MICR.BO,1,47.0,,,,,
344,BUY ORDER,28-12-2016,MICR.BO,1,47.0,,,,,
345,BUY ORDER,29-12-2016,MICR.BO,1,47.0,,,,,
346,BUY ORDER,30-12-2016,MICR.BO,1,47.0,,,,,
347,BUY ORDER,02-01-2017,MICR.BO,1,47.0,,,,,
348,BUY ORDER,03-01-2017,MICR.BO,1,47.0,,,,,
349,BUY ORDER,04-01-2017,MICR.BO,1,47.0,,,,,
350,BUY ORDER,05-01-2017,MICR.BO,1,47.0,,,,,
351,BUY ORDER,06-01-2017,MICR.BO,1,47.0,,,,,
352,BUY ORDER,09-01-2017,MICR.BO,1,47.0,,,,,
353,BUY ORDER,10-01-2017,MICR.BO,1,47.0,,,,,
354,BUY ORDER,11-01-2017,MICR.BO,1,47.0,,,,,
355,BUY ORDER,12-01-2017,MICR.BO,1,47.0,,,,,
356,BUY ORDER,13-01-2017,MICR.BO,1,47.0,,,,,
357,BUY ORDER,16-01-2017,MICR.BO,1,47.0,,,,,
358,BUY ORDER,17-01-2017,MICR.BO,1,47.0,,,,,
359,BUY ORDER,18-01-2017,MICR.BO,1,47.0,,,,,
360,BUY ORDER,19-01-2017,MICR.BO,1,47.0,,,,,
361,BUY ORDER,20-01-2017,MICR.BO,1,47.0,,,,,
362,BUY ORDER,23-01-2017,MICR.BO,1,47.0,,,,,
363,BUY ORDER,24-01-2017,MICR.BO,1,47.0,,,,,
364,BUY ORDER,25-01-2017,MICR.BO,1,47.0,,,,,
365,BUY ORDER,27-01-2017,MICR.BO,1,47.0,,,,,
366,BUY ORDER,30-01-2017,MICR.BO,1,47.0,,,,,
367,BUY ORDER,31-01-2017,MICR.BO,1,47.0,,,,,
368,BUY ORDER,01-02-2017,MICR.BO,1,47.0,,,,,
369,BUY ORDER,02-02-2017,MICR.BO,1,47.0,,,,,
370,BUY ORDER,03-02-2017,MICR.BO,1,47.0,,,,,
371,BUY ORDER,06-02-2017,MICR.BO,1,47.0,,,,,
372,BUY ORDER,07-02-2017,MICR.BO,1,47.0,,,,,
373,BUY ORDER,08-02-2017,MICR.BO,1,47.0,,,,,
374,BUY ORDER,09-02-2017,MICR.BO,1,43.6,,,,,
375,BUY ORDER,10-02-2017,MICR.BO,1,43.6,,,,,
376,BUY ORDER,13-02-2017,MICR.BO,1,43.6,,,,,
377,BUY ORDER,14-02-2017,MICR.BO,1,43.6,,,,,
378,BUY ORDER,15-02-2017,MICR.BO,1,43.6,,,,,
379,BUY ORDER,16-02-2017,MICR.BO,1,43.6,,,,,
380,BUY ORDER,17-02-2017,MICR.BO,1,43.6,,,,,
381,BUY ORDER,20-02-2017,MICR.BO,1,43.6,,,,,
382,BUY ORDER,21-02-2017,MICR.BO,1,43.6,,,,,
383,BUY ORDER,22-02-2017,MICR.BO,1,43.6,,,,,
384,BUY ORDER,23-02-2017,MICR.BO,1,43.6,,,,,
385,BUY ORDER,27-02-2017,MICR.BO,1,43.6,,,,,
386,BUY ORDER,28-02-2017,MICR.BO,1,43.6,,,,,
387,BUY ORDER,01-03-2017,MICR.BO,1,43.6,,,,,
388,BUY ORDER,02-03-2017,MICR.BO,1,43.6,,,,,
389,BUY ORDER,03-03-2017,MICR.BO,1,43.6,,,,,
390,BUY ORDER,06-03-2017,MICR.BO,1,43.6,,,,,
391,BUY ORDER,07-03-2017,MICR.BO,1,43.6,,,,,
392,BUY ORDER,08-03-2017,MICR.BO,1,43.6,,,,,
393,BUY ORDER,09-03-2017,MICR.BO,1,43.6,,,,,
394,BUY ORDER,10-03-2017,MICR.BO,1,43.6,,,,,
395,BUY ORDER,14-03-2017,MICR.BO,1,43.6,,,,,
396,BUY ORDER,15-03-2017,MICR.BO,1,43.6,,,,,
397,BUY ORDER,16-03-2017,MICR.BO,1,43.6,,,,,
398,BUY ORDER,17-03-2017,MICR.BO,1,43.6,,,,,
399,BUY ORDER,20-03-2017,MICR.BO,1,43.6,,,,,
400,BUY ORDER,21-03-2017,MICR.BO,1,43.6,,,,,
401,BUY ORDER,22-03-2017,MICR.BO,1,43.6,,,,,
402,BUY ORDER,23-03-2017,MICR.BO,1,43.6,,,,,
403,BUY ORDER,24-03-2017,MICR.BO,1,43.6,,,,,
404,BUY ORDER,27-03-2017,MICR.BO,1,43.6,,,,,
405,BUY ORDER,28-03-2017,MICR.BO,1,43.6,,,,,
406,BUY ORDER,29-03-2017,MICR.BO,1,43.6,,,,,
407,BUY ORDER,30-03-2017,MICR.BO,1,43.6,,,,,
408,BUY ORDER,31-03-2017,MICR.BO,1,43.6,,,,,
409,BUY ORDER,03-04-2017,MICR.BO,1,43.6,,,,,
410,BUY ORDER,05-04-2017,MICR.BO,1,43.6,,,,,
411,BUY ORDER,06-04-2017,MICR.BO,1,43.6,,,,,
412,BUY ORDER,07-04-2017,MICR.BO,1,43.6,,,,,
413,BUY ORDER,10-04-2017,MICR.BO,1,43.6,,,,,
414,BUY ORDER,11-04-2017,MICR.BO,1,43.6,,,,,
415,BUY ORDER,12-04-2017,MICR.BO,1,43.6,,,,,
416,BUY TRADE,13-04-2017,MICR.BO,1,43.6,,,,,
417,SELL ORDER,13-04-2017,MICR.BO,-1,34.45,,,,,
418,SELL ORDER,17-04-2017,MICR.BO,-1,34.45,,,,,
419,SELL ORDER,18-04-2017,MICR.BO,-1,34.45,,,,,
420,SELL ORDER,19-04-2017,MICR.BO,-1,34.45,,,,,
421,SELL ORDER,20-04-2017,MICR.BO,-1,34.45,,,,,
422,SELL ORDER,21-04-2017,MICR.BO,-1,34.45,,,,,
423,SELL ORDER,24-04-2017,MICR.BO,-1,34.45,,,,,
424,SELL ORDER,25-04-2017,MICR.BO,-1,34.45,,,,,
425,SELL ORDER,26-04-2017,MICR.BO,-1,34.45,,,,,
426,SELL ORDER,27-04-2017,MICR.BO,-1,34.45,,,,,
427,SELL ORDER,28-04-2017,MICR.BO,-1,34.45,,,,,
428,SELL ORDER,02-05-2017,MICR.BO,-1,34.45,,,,,
429,SELL ORDER,03-05-2017,MICR.BO,-1,34.45,,,,,
430,SELL ORDER,04-05-2017,MICR.BO,-1,34.45,,,,,
431,SELL ORDER,05-05-2017,MICR.BO,-1,34.45,,,,,
432,SELL ORDER,08-05-2017,MICR.BO,-1,34.45,,,,,
433,SELL ORDER,09-05-2017,MICR.BO,-1,34.45,,,,,
434,SELL ORDER,10-05-2017,MICR.BO,-1,34.45,,,,,
435,SELL ORDER,11-05-2017,MICR.BO,-1,34.45,,,,,
436,SELL ORDER,12-05-2017,MICR.BO,-1,34.45,,,,,
437,SELL ORDER,15-05-2017,MICR.BO,-1,34.45,,,,,
438,SELL ORDER,16-05-2017,MICR.BO,-1,34.45,,,,,
439,SELL ORDER,17-05-2017,MICR.BO,-1,34.45,,,,,
440,SELL ORDER,18-05-2017,MICR.BO,-1,34.45,,,,,
441,SELL ORDER,19-05-2017,MICR.BO,-1,34.45,,,,,
442,SELL ORDER,22-05-2017,MICR.BO,-1,34.45,,,,,
443,SELL ORDER,23-05-2017,MICR.BO,-1,34.45,,,,,
444,SELL ORDER,24-05-2017,MICR.BO,-1,34.45,,,,,
445,SELL ORDER,25-05-2017,MICR.BO,-1,34.45,,,,,
446,SELL ORDER,26-05-2017,MICR.BO,-1,34.45,,,,,
447,SELL ORDER,29-05-2017,MICR.BO,-1,34.45,,,,,
448,SELL ORDER,30-05-2017,MICR.BO,-1,34.45,,,,,
449,SELL ORDER,31-05-2017,MICR.BO,-1,34.45,,,,,
450,SELL ORDER,01-06-2017,MICR.BO,-1,34.45,,,,,
451,SELL ORDER,02-06-2017,MICR.BO,-1,34.45,,,,,
452,SELL ORDER,05-06-2017,MICR.BO,-1,36.0,,,,,
453,SELL ORDER,06-06-2017,MICR.BO,-1,36.0,,,,,
454,SELL ORDER,07-06-2017,MICR.BO,-1,36.0,,,,,
455,SELL ORDER,08-06-2017,MICR.BO,-1,36.0,,,,,
456,SELL ORDER,09-06-2017,MICR.BO,-1,36.0,,,,,
457,SELL ORDER,12-06-2017,MICR.BO,-1,36.0,,,,,
458,SELL ORDER,13-06-2017,MICR.BO,-1,36.0,,,,,
459,SELL ORDER,14-06-2017,MICR.BO,-1,36.0,,,,,
460,SELL ORDER,15-06-2017,MICR.BO,-1,36.0,,,,,
461,SELL ORDER,16-06-2017,MICR.BO,-1,36.0,,,,,
462,SELL ORDER,19-06-2017,MICR.BO,-1,36.0,,,,,
463,SELL ORDER,20-06-2017,MICR.BO,-1,36.0,,,,,
464,SELL ORDER,21-06-2017,MICR.BO,-1,36.0,,,,,
465,SELL ORDER,22-06-2017,MICR.BO,-1,36.0,,,,,
466,SELL ORDER,23-06-2017,MICR.BO,-1,36.0,,,,,
467,SELL ORDER,27-06-2017,MICR.BO,-1,36.0,,,,,
468,SELL ORDER,28-06-2017,MICR.BO,-1,36.0,,,,,
469,SELL ORDER,29-06-2017,MICR.BO,-1,36.0,,,,,
470,SELL ORDER,30-06-2017,MICR.BO,-1,36.0,,,,,
471,SELL ORDER,03-07-2017,MICR.BO,-1,36.0,,,,,
472,SELL ORDER,04-07-2017,MICR.BO,-1,36.0,,,,,
473,SELL ORDER,05-07-2017,MICR.BO,-1,36.2,,,,,
474,SELL ORDER,06-07-2017,MICR.BO,-1,36.2,,,,,
475,SELL ORDER,07-07-2017,MICR.BO,-1,36.2,,,,,
476,SELL ORDER,10-07-2017,MICR.BO,-1,36.2,,,,,
477,SELL ORDER,11-07-2017,MICR.BO,-1,36.2,,,,,
478,SELL ORDER,12-07-2017,MICR.BO,-1,36.2,,,,,
479,SELL ORDER,13-07-2017,MICR.BO,-1,36.2,,,,,
480,SELL ORDER,14-07-2017,MICR.BO,-1,36.2,,,,,
481,SELL ORDER,17-07-2017,MICR.BO,-1,36.2,,,,,
482,SELL ORDER,18-07-2017,MICR.BO,-1,36.2,,,,,
483,SELL ORDER,19-07-2017,MICR.BO,-1,36.2,,,,,
484,SELL ORDER,20-07-2017,MICR.BO,-1,36.2,,,,,
485,SELL ORDER,21-07-2017,MICR.BO,-1,36.2,,,,,
486,SELL ORDER,24-07-2017,MICR.BO,-1,36.2,,,,,
487,SELL ORDER,25-07-2017,MICR.BO,-1,36.2,,,,,
488,SELL ORDER,26-07-2017,MICR.BO,-1,36.2,,,,,
489,SELL ORDER,27-07-2017,MICR.BO,-1,36.2,,,,,
490,SELL ORDER,28-07-2017,MICR.BO,-1,36.2,,,,,
491,SELL ORDER,31-07-2017,MICR.BO,-1,36.2,,,,,
492,SELL ORDER,01-08-2017,MICR.BO,-1,36.2,,,,,
493,SELL ORDER,02-08-2017,MICR.BO,-1,36.2,,,,,
494,SELL ORDER,03-08-2017,MICR.BO,-1,36.2,,,,,
495,SELL ORDER,04-08-2017,MICR.BO,-1,36.2,,,,,
496,SELL ORDER,07-08-2017,MICR.BO,-1,36.2,,,,,
497,SELL TRADE,08-08-2017,MICR.BO,-1,36.2,,,,,
498,HISAB,08-08-2017,MICR.BO,LONG,37.0,-7.4,-15.14,80.0,-18.15,15.799999999999999
499,BUY ORDER,08-08-2017,MICR.BO,1,49.0,,,,,
500,BUY ORDER,09-08-2017,MICR.BO,1,49.0,,,,,
501,BUY ORDER,10-08-2017,MICR.BO,1,49.0,,,,,
502,BUY ORDER,11-08-2017,MICR.BO,1,49.0,,,,,
503,BUY ORDER,14-08-2017,MICR.BO,1,49.0,,,,,
504,BUY ORDER,16-08-2017,MICR.BO,1,49.0,,,,,
505,BUY ORDER,17-08-2017,MICR.BO,1,49.0,,,,,
506,BUY ORDER,18-08-2017,MICR.BO,1,49.0,,,,,
507,BUY ORDER,21-08-2017,MICR.BO,1,49.0,,,,,
508,BUY ORDER,22-08-2017,MICR.BO,1,49.0,,,,,
509,BUY ORDER,23-08-2017,MICR.BO,1,49.0,,,,,
510,BUY ORDER,24-08-2017,MICR.BO,1,49.0,,,,,
511,BUY ORDER,28-08-2017,MICR.BO,1,49.0,,,,,
512,BUY ORDER,29-08-2017,MICR.BO,1,49.0,,,,,
513,BUY ORDER,30-08-2017,MICR.BO,1,49.0,,,,,
514,BUY ORDER,31-08-2017,MICR.BO,1,49.0,,,,,
515,BUY ORDER,01-09-2017,MICR.BO,1,49.0,,,,,
516,BUY ORDER,04-09-2017,MICR.BO,1,49.0,,,,,
517,BUY ORDER,05-09-2017,MICR.BO,1,49.0,,,,,
518,BUY ORDER,06-09-2017,MICR.BO,1,49.0,,,,,
519,BUY ORDER,07-09-2017,MICR.BO,1,49.0,,,,,
520,BUY ORDER,08-09-2017,MICR.BO,1,49.0,,,,,
521,BUY ORDER,11-09-2017,MICR.BO,1,49.0,,,,,
522,BUY ORDER,12-09-2017,MICR.BO,1,49.0,,,,,
523,BUY ORDER,13-09-2017,MICR.BO,1,49.0,,,,,
524,BUY ORDER,14-09-2017,MICR.BO,1,49.0,,,,,
525,BUY ORDER,15-09-2017,MICR.BO,1,49.0,,,,,
526,BUY ORDER,18-09-2017,MICR.BO,1,49.0,,,,,
527,BUY ORDER,19-09-2017,MICR.BO,1,49.0,,,,,
528,BUY ORDER,20-09-2017,MICR.BO,1,49.0,,,,,
529,BUY ORDER,21-09-2017,MICR.BO,1,49.0,,,,,
530,BUY ORDER,22-09-2017,MICR.BO,1,49.0,,,,,
531,BUY ORDER,25-09-2017,MICR.BO,1,49.0,,,,,
532,BUY ORDER,26-09-2017,MICR.BO,1,49.0,,,,,
533,BUY ORDER,27-09-2017,MICR.BO,1,44.7,,,,,
534,BUY ORDER,28-09-2017,MICR.BO,1,44.7,,,,,
535,BUY ORDER,29-09-2017,MICR.BO,1,44.7,,,,,
536,BUY TRADE,03-10-2017,MICR.BO,1,44.7,,,,,
537,SELL ORDER,03-10-2017,MICR.BO,-1,37.0,,,,,
538,SELL ORDER,04-10-2017,MICR.BO,-1,37.0,,,,,
539,SELL ORDER,05-10-2017,MICR.BO,-1,37.0,,,,,
540,SELL ORDER,06-10-2017,MICR.BO,-1,37.0,,,,,
541,SELL ORDER,09-10-2017,MICR.BO,-1,37.0,,,,,
542,SELL ORDER,10-10-2017,MICR.BO,-1,37.0,,,,,
543,SELL ORDER,11-10-2017,MICR.BO,-1,37.0,,,,,
544,SELL ORDER,12-10-2017,MICR.BO,-1,37.0,,,,,
545,SELL ORDER,13-10-2017,MICR.BO,-1,37.0,,,,,
546,SELL ORDER,16-10-2017,MICR.BO,-1,37.0,,,,,
547,SELL ORDER,17-10-2017,MICR.BO,-1,37.0,,,,,
548,SELL ORDER,18-10-2017,MICR.BO,-1,37.0,,,,,
549,SELL ORDER,19-10-2017,MICR.BO,-1,37.0,,,,,
550,SELL ORDER,23-10-2017,MICR.BO,-1,37.0,,,,,
551,SELL ORDER,24-10-2017,MICR.BO,-1,38.6,,,,,
552,SELL ORDER,25-10-2017,MICR.BO,-1,38.6,,,,,
553,SELL ORDER,26-10-2017,MICR.BO,-1,38.6,,,,,
554,SELL ORDER,27-10-2017,MICR.BO,-1,38.6,,,,,
555,SELL ORDER,30-10-2017,MICR.BO,-1,38.6,,,,,
556,SELL ORDER,31-10-2017,MICR.BO,-1,38.6,,,,,
557,SELL ORDER,01-11-2017,MICR.BO,-1,38.6,,,,,
558,SELL ORDER,02-11-2017,MICR.BO,-1,38.6,,,,,
559,SELL ORDER,03-11-2017,MICR.BO,-1,38.6,,,,,
560,SELL ORDER,06-11-2017,MICR.BO,-1,38.6,,,,,
561,SELL ORDER,07-11-2017,MICR.BO,-1,38.6,,,,,
562,SELL ORDER,08-11-2017,MICR.BO,-1,38.6,,,,,
563,SELL ORDER,09-11-2017,MICR.BO,-1,38.6,,,,,
564,SELL ORDER,10-11-2017,MICR.BO,-1,45.4,,,,,
565,SELL ORDER,13-11-2017,MICR.BO,-1,45.4,,,,,
566,SELL ORDER,14-11-2017,MICR.BO,-1,45.4,,,,,
567,SELL ORDER,15-11-2017,MICR.BO,-1,45.4,,,,,
568,SELL ORDER,16-11-2017,MICR.BO,-1,45.4,,,,,
569,SELL ORDER,17-11-2017,MICR.BO,-1,45.4,,,,,
570,SELL ORDER,20-11-2017,MICR.BO,-1,45.4,,,,,
571,SELL ORDER,21-11-2017,MICR.BO,-1,45.4,,,,,
572,SELL ORDER,22-11-2017,MICR.BO,-1,45.4,,,,,
573,SELL ORDER,23-11-2017,MICR.BO,-1,45.4,,,,,
574,SELL ORDER,24-11-2017,MICR.BO,-1,45.4,,,,,
575,SELL ORDER,27-11-2017,MICR.BO,-1,45.4,,,,,
576,SELL ORDER,28-11-2017,MICR.BO,-1,45.4,,,,,
577,SELL ORDER,29-11-2017,MICR.BO,-1,45.4,,,,,
578,SELL ORDER,30-11-2017,MICR.BO,-1,45.4,,,,,
579,SELL ORDER,01-12-2017,MICR.BO,-1,45.4,,,,,
580,SELL ORDER,04-12-2017,MICR.BO,-1,45.4,,,,,
581,SELL ORDER,05-12-2017,MICR.BO,-1,45.4,,,,,
582,SELL ORDER,06-12-2017,MICR.BO,-1,45.4,,,,,
583,SELL ORDER,07-12-2017,MICR.BO,-1,45.4,,,,,
584,SELL ORDER,08-12-2017,MICR.BO,-1,45.4,,,,,
585,SELL ORDER,11-12-2017,MICR.BO,-1,45.4,,,,,
586,SELL ORDER,12-12-2017,MICR.BO,-1,45.4,,,,,
587,SELL ORDER,13-12-2017,MICR.BO,-1,45.4,,,,,
588,SELL ORDER,14-12-2017,MICR.BO,-1,45.4,,,,,
589,SELL ORDER,15-12-2017,MICR.BO,-1,45.4,,,,,
590,SELL ORDER,18-12-2017,MICR.BO,-1,45.4,,,,,
591,SELL ORDER,19-12-2017,MICR.BO,-1,45.4,,,,,
592,SELL ORDER,20-12-2017,MICR.BO,-1,51.0,,,,,
593,SELL ORDER,21-12-2017,MICR.BO,-1,51.0,,,,,
594,SELL ORDER,22-12-2017,MICR.BO,-1,51.0,,,,,
595,SELL ORDER,26-12-2017,MICR.BO,-1,51.0,,,,,
596,SELL ORDER,27-12-2017,MICR.BO,-1,51.0,,,,,
597,SELL ORDER,28-12-2017,MICR.BO,-1,51.0,,,,,
598,SELL ORDER,29-12-2017,MICR.BO,-1,51.0,,,,,
599,SELL ORDER,01-01-2018,MICR.BO,-1,51.0,,,,,
600,SELL ORDER,02-01-2018,MICR.BO,-1,51.0,,,,,
601,SELL ORDER,03-01-2018,MICR.BO,-1,51.0,,,,,
602,SELL ORDER,04-01-2018,MICR.BO,-1,57.9,,,,,
603,SELL ORDER,05-01-2018,MICR.BO,-1,57.9,,,,,
604,SELL ORDER,08-01-2018,MICR.BO,-1,57.9,,,,,
605,SELL ORDER,09-01-2018,MICR.BO,-1,57.9,,,,,
606,SELL ORDER,10-01-2018,MICR.BO,-1,57.9,,,,,
607,SELL ORDER,11-01-2018,MICR.BO,-1,57.9,,,,,
608,SELL TRADE,12-01-2018,MICR.BO,-1,57.9,,,,,
609,HISAB,12-01-2018,MICR.BO,LONG,61.55,13.2,37.7,71.0,-4.949999999999999,2.599999999999999
610,BUY ORDER,12-01-2018,MICR.BO,1,68.0,,,,,
611,BUY ORDER,15-01-2018,MICR.BO,1,68.0,,,,,
612,BUY ORDER,16-01-2018,MICR.BO,1,68.0,,,,,
613,BUY ORDER,17-01-2018,MICR.BO,1,68.0,,,,,
614,BUY ORDER,18-01-2018,MICR.BO,1,68.0,,,,,
615,BUY ORDER,19-01-2018,MICR.BO,1,68.0,,,,,
616,BUY ORDER,22-01-2018,MICR.BO,1,68.0,,,,,
617,BUY ORDER,23-01-2018,MICR.BO,1,68.0,,,,,
618,BUY ORDER,24-01-2018,MICR.BO,1,68.0,,,,,
619,BUY ORDER,25-01-2018,MICR.BO,1,68.0,,,,,
620,BUY ORDER,29-01-2018,MICR.BO,1,68.0,,,,,
621,BUY ORDER,30-01-2018,MICR.BO,1,68.0,,,,,
622,BUY ORDER,31-01-2018,MICR.BO,1,68.0,,,,,
623,BUY ORDER,01-02-2018,MICR.BO,1,68.0,,,,,
624,BUY ORDER,02-02-2018,MICR.BO,1,68.0,,,,,
625,BUY ORDER,05-02-2018,MICR.BO,1,68.0,,,,,
626,BUY ORDER,06-02-2018,MICR.BO,1,68.0,,,,,
627,BUY ORDER,07-02-2018,MICR.BO,1,68.0,,,,,
628,BUY ORDER,08-02-2018,MICR.BO,1,68.0,,,,,
629,BUY ORDER,09-02-2018,MICR.BO,1,68.0,,,,,
630,BUY ORDER,12-02-2018,MICR.BO,1,68.0,,,,,
631,BUY ORDER,14-02-2018,MICR.BO,1,68.0,,,,,
632,BUY ORDER,15-02-2018,MICR.BO,1,68.0,,,,,
633,BUY ORDER,16-02-2018,MICR.BO,1,68.0,,,,,
634,BUY ORDER,19-02-2018,MICR.BO,1,68.0,,,,,
635,BUY ORDER,20-02-2018,MICR.BO,1,68.0,,,,,
636,BUY ORDER,21-02-2018,MICR.BO,1,68.0,,,,,
637,BUY ORDER,22-02-2018,MICR.BO,1,68.0,,,,,
638,BUY ORDER,23-02-2018,MICR.BO,1,68.0,,,,,
639,BUY ORDER,26-02-2018,MICR.BO,1,68.0,,,,,
640,BUY ORDER,27-02-2018,MICR.BO,1,68.0,,,,,
641,BUY ORDER,28-02-2018,MICR.BO,1,68.0,,,,,
642,BUY ORDER,01-03-2018,MICR.BO,1,68.0,,,,,
643,BUY ORDER,05-03-2018,MICR.BO,1,68.0,,,,,
644,BUY ORDER,06-03-2018,MICR.BO,1,68.0,,,,,
645,BUY ORDER,07-03-2018,MICR.BO,1,68.0,,,,,
646,BUY ORDER,08-03-2018,MICR.BO,1,68.0,,,,,
647,BUY ORDER,09-03-2018,MICR.BO,1,68.0,,,,,
648,BUY ORDER,12-03-2018,MICR.BO,1,68.0,,,,,
649,BUY ORDER,13-03-2018,MICR.BO,1,68.0,,,,,
650,BUY ORDER,14-03-2018,MICR.BO,1,68.0,,,,,
651,BUY ORDER,15-03-2018,MICR.BO,1,68.0,,,,,
652,BUY ORDER,16-03-2018,MICR.BO,1,68.0,,,,,
653,BUY ORDER,19-03-2018,MICR.BO,1,68.0,,,,,
654,BUY ORDER,20-03-2018,MICR.BO,1,68.0,,,,,
655,BUY ORDER,21-03-2018,MICR.BO,1,68.0,,,,,
656,BUY ORDER,22-03-2018,MICR.BO,1,68.0,,,,,
657,BUY ORDER,23-03-2018,MICR.BO,1,68.0,,,,,
658,BUY ORDER,26-03-2018,MICR.BO,1,68.0,,,,,
659,BUY ORDER,27-03-2018,MICR.BO,1,68.0,,,,,
660,BUY ORDER,28-03-2018,MICR.BO,1,68.0,,,,,
661,BUY ORDER,02-04-2018,MICR.BO,1,68.0,,,,,
662,BUY ORDER,03-04-2018,MICR.BO,1,68.0,,,,,
663,BUY ORDER,04-04-2018,MICR.BO,1,68.0,,,,,
664,BUY ORDER,05-04-2018,MICR.BO,1,68.0,,,,,
665,BUY ORDER,06-04-2018,MICR.BO,1,68.0,,,,,
666,BUY ORDER,09-04-2018,MICR.BO,1,68.0,,,,,
667,BUY ORDER,10-04-2018,MICR.BO,1,68.0,,,,,
668,BUY ORDER,11-04-2018,MICR.BO,1,68.0,,,,,
669,BUY ORDER,12-04-2018,MICR.BO,1,68.0,,,,,
670,BUY ORDER,13-04-2018,MICR.BO,1,68.0,,,,,
671,BUY ORDER,16-04-2018,MICR.BO,1,68.0,,,,,
672,BUY ORDER,17-04-2018,MICR.BO,1,68.0,,,,,
673,BUY ORDER,18-04-2018,MICR.BO,1,68.0,,,,,
674,BUY ORDER,19-04-2018,MICR.BO,1,68.0,,,,,
675,BUY ORDER,20-04-2018,MICR.BO,1,68.0,,,,,
676,BUY ORDER,23-04-2018,MICR.BO,1,68.0,,,,,
677,BUY ORDER,24-04-2018,MICR.BO,1,68.0,,,,,
678,BUY ORDER,25-04-2018,MICR.BO,1,68.0,,,,,
679,BUY ORDER,26-04-2018,MICR.BO,1,68.0,,,,,
680,BUY ORDER,27-04-2018,MICR.BO,1,68.0,,,,,
681,BUY ORDER,30-04-2018,MICR.BO,1,55.4,,,,,
682,BUY ORDER,02-05-2018,MICR.BO,1,55.4,,,,,
683,BUY ORDER,03-05-2018,MICR.BO,1,55.4,,,,,
684,BUY ORDER,04-05-2018,MICR.BO,1,55.4,,,,,
685,BUY ORDER,07-05-2018,MICR.BO,1,55.4,,,,,
686,BUY ORDER,08-05-2018,MICR.BO,1,55.4,,,,,
687,BUY ORDER,09-05-2018,MICR.BO,1,55.4,,,,,
688,BUY ORDER,10-05-2018,MICR.BO,1,55.4,,,,,
689,BUY ORDER,11-05-2018,MICR.BO,1,55.4,,,,,
690,BUY ORDER,14-05-2018,MICR.BO,1,55.4,,,,,
691,BUY ORDER,15-05-2018,MICR.BO,1,55.4,,,,,
692,BUY ORDER,16-05-2018,MICR.BO,1,55.4,,,,,
693,BUY ORDER,17-05-2018,MICR.BO,1,55.4,,,,,
694,BUY ORDER,18-05-2018,MICR.BO,1,55.4,,,,,
695,BUY ORDER,21-05-2018,MICR.BO,1,55.4,,,,,
696,BUY ORDER,22-05-2018,MICR.BO,1,55.4,,,,,
697,BUY ORDER,23-05-2018,MICR.BO,1,55.4,,,,,
698,BUY ORDER,24-05-2018,MICR.BO,1,55.4,,,,,
699,BUY ORDER,25-05-2018,MICR.BO,1,55.4,,,,,
700,BUY ORDER,28-05-2018,MICR.BO,1,55.4,,,,,
701,BUY ORDER,29-05-2018,MICR.BO,1,55.4,,,,,
702,BUY ORDER,30-05-2018,MICR.BO,1,55.4,,,,,
703,BUY ORDER,31-05-2018,MICR.BO,1,55.4,,,,,
704,BUY ORDER,01-06-2018,MICR.BO,1,55.4,,,,,
705,BUY ORDER,04-06-2018,MICR.BO,1,55.4,,,,,
706,BUY ORDER,05-06-2018,MICR.BO,1,55.4,,,,,
707,BUY ORDER,06-06-2018,MICR.BO,1,55.4,,,,,
708,BUY ORDER,07-06-2018,MICR.BO,1,55.4,,,,,
709,BUY ORDER,08-06-2018,MICR.BO,1,55.4,,,,,
710,BUY ORDER,11-06-2018,MICR.BO,1,55.4,,,,,
711,BUY ORDER,12-06-2018,MICR.BO,1,55.4,,,,,
712,BUY ORDER,13-06-2018,MICR.BO,1,55.4,,,,,
713,BUY ORDER,14-06-2018,MICR.BO,1,55.4,,,,,
714,BUY ORDER,15-06-2018,MICR.BO,1,55.4,,,,,
715,BUY ORDER,18-06-2018,MICR.BO,1,55.4,,,,,
716,BUY ORDER,19-06-2018,MICR.BO,1,55.4,,,,,
717,BUY ORDER,20-06-2018,MICR.BO,1,55.4,,,,,
718,BUY ORDER,21-06-2018,MICR.BO,1,55.4,,,,,
719,BUY ORDER,22-06-2018,MICR.BO,1,55.4,,,,,
720,BUY ORDER,25-06-2018,MICR.BO,1,55.4,,,,,
721,BUY ORDER,26-06-2018,MICR.BO,1,55.4,,,,,
722,BUY ORDER,27-06-2018,MICR.BO,1,55.4,,,,,
723,BUY ORDER,28-06-2018,MICR.BO,1,55.4,,,,,
724,BUY ORDER,29-06-2018,MICR.BO,1,55.4,,,,,
725,BUY ORDER,02-07-2018,MICR.BO,1,55.4,,,,,
726,BUY ORDER,03-07-2018,MICR.BO,1,55.4,,,,,
727,BUY ORDER,04-07-2018,MICR.BO,1,55.4,,,,,
728,BUY ORDER,05-07-2018,MICR.BO,1,55.4,,,,,
729,BUY ORDER,06-07-2018,MICR.BO,1,55.4,,,,,
730,BUY ORDER,09-07-2018,MICR.BO,1,55.4,,,,,
731,BUY ORDER,10-07-2018,MICR.BO,1,55.4,,,,,
732,BUY ORDER,11-07-2018,MICR.BO,1,55.4,,,,,
733,BUY ORDER,12-07-2018,MICR.BO,1,55.4,,,,,
734,BUY ORDER,13-07-2018,MICR.BO,1,55.4,,,,,
735,BUY ORDER,16-07-2018,MICR.BO,1,55.4,,,,,
736,BUY ORDER,17-07-2018,MICR.BO,1,55.4,,,,,
737,BUY ORDER,18-07-2018,MICR.BO,1,55.4,,,,,
738,BUY ORDER,19-07-2018,MICR.BO,1,55.4,,,,,
739,BUY ORDER,20-07-2018,MICR.BO,1,55.4,,,,,
740,BUY ORDER,23-07-2018,MICR.BO,1,55.4,,,,,
741,BUY ORDER,24-07-2018,MICR.BO,1,55.4,,,,,
742,BUY ORDER,25-07-2018,MICR.BO,1,55.4,,,,,
743,BUY ORDER,26-07-2018,MICR.BO,1,55.4,,,,,
744,BUY ORDER,27-07-2018,MICR.BO,1,55.4,,,,,
745,BUY ORDER,30-07-2018,MICR.BO,1,55.4,,,,,
746,BUY ORDER,31-07-2018,MICR.BO,1,55.4,,,,,
747,BUY ORDER,01-08-2018,MICR.BO,1,55.4,,,,,
748,BUY ORDER,02-08-2018,MICR.BO,1,55.4,,,,,
749,BUY ORDER,03-08-2018,MICR.BO,1,55.4,,,,,
750,BUY ORDER,06-08-2018,MICR.BO,1,55.4,,,,,
751,BUY ORDER,07-08-2018,MICR.BO,1,55.4,,,,,
752,BUY ORDER,08-08-2018,MICR.BO,1,55.4,,,,,
753,BUY ORDER,09-08-2018,MICR.BO,1,55.4,,,,,
754,BUY ORDER,10-08-2018,MICR.BO,1,55.4,,,,,
755,BUY ORDER,13-08-2018,MICR.BO,1,55.4,,,,,
756,BUY ORDER,14-08-2018,MICR.BO,1,55.4,,,,,
757,BUY ORDER,16-08-2018,MICR.BO,1,55.4,,,,,
758,BUY ORDER,17-08-2018,MICR.BO,1,55.4,,,,,
759,BUY ORDER,20-08-2018,MICR.BO,1,55.4,,,,,
760,BUY ORDER,21-08-2018,MICR.BO,1,55.4,,,,,
761,BUY ORDER,23-08-2018,MICR.BO,1,55.4,,,,,
762,BUY ORDER,24-08-2018,MICR.BO,1,55.4,,,,,
763,BUY ORDER,27-08-2018,MICR.BO,1,55.4,,,,,
764,BUY ORDER,28-08-2018,MICR.BO,1,55.4,,,,,
765,BUY ORDER,29-08-2018,MICR.BO,1,55.4,,,,,
766,BUY ORDER,30-08-2018,MICR.BO,1,55.4,,,,,
767,BUY ORDER,31-08-2018,MICR.BO,1,55.4,,,,,
768,BUY ORDER,03-09-2018,MICR.BO,1,55.4,,,,,
769,BUY ORDER,04-09-2018,MICR.BO,1,55.4,,,,,
770,BUY ORDER,05-09-2018,MICR.BO,1,55.4,,,,,
771,BUY ORDER,06-09-2018,MICR.BO,1,55.4,,,,,
772,BUY ORDER,07-09-2018,MICR.BO,1,55.4,,,,,
773,BUY ORDER,10-09-2018,MICR.BO,1,55.4,,,,,
774,BUY ORDER,11-09-2018,MICR.BO,1,55.4,,,,,
775,BUY ORDER,12-09-2018,MICR.BO,1,55.4,,,,,
776,BUY ORDER,14-09-2018,MICR.BO,1,55.4,,,,,
777,BUY ORDER,17-09-2018,MICR.BO,1,55.4,,,,,
778,BUY ORDER,18-09-2018,MICR.BO,1,52.1,,,,,
779,BUY ORDER,19-09-2018,MICR.BO,1,52.1,,,,,
780,BUY ORDER,21-09-2018,MICR.BO,1,52.1,,,,,
781,BUY ORDER,24-09-2018,MICR.BO,1,52.1,,,,,
782,BUY ORDER,25-09-2018,MICR.BO,1,52.1,,,,,
783,BUY ORDER,26-09-2018,MICR.BO,1,52.1,,,,,
784,BUY ORDER,27-09-2018,MICR.BO,1,52.1,,,,,
785,BUY ORDER,28-09-2018,MICR.BO,1,52.1,,,,,
786,BUY ORDER,01-10-2018,MICR.BO,1,52.1,,,,,
787,BUY ORDER,03-10-2018,MICR.BO,1,52.1,,,,,
788,BUY ORDER,04-10-2018,MICR.BO,1,52.1,,,,,
789,BUY ORDER,05-10-2018,MICR.BO,1,52.1,,,,,
790,BUY ORDER,08-10-2018,MICR.BO,1,52.1,,,,,
791,BUY ORDER,09-10-2018,MICR.BO,1,52.1,,,,,
792,BUY ORDER,10-10-2018,MICR.BO,1,52.1,,,,,
793,BUY ORDER,11-10-2018,MICR.BO,1,52.1,,,,,
794,BUY ORDER,12-10-2018,MICR.BO,1,52.1,,,,,
795,BUY ORDER,15-10-2018,MICR.BO,1,52.1,,,,,
796,BUY ORDER,16-10-2018,MICR.BO,1,52.1,,,,,
797,BUY ORDER,17-10-2018,MICR.BO,1,52.1,,,,,
798,BUY ORDER,19-10-2018,MICR.BO,1,52.1,,,,,
799,BUY ORDER,22-10-2018,MICR.BO,1,52.1,,,,,
800,BUY ORDER,23-10-2018,MICR.BO,1,52.1,,,,,
801,BUY ORDER,24-10-2018,MICR.BO,1,52.1,,,,,
802,BUY ORDER,25-10-2018,MICR.BO,1,52.1,,,,,
803,BUY ORDER,26-10-2018,MICR.BO,1,52.1,,,,,
804,BUY ORDER,29-10-2018,MICR.BO,1,52.1,,,,,
805,BUY ORDER,30-10-2018,MICR.BO,1,52.1,,,,,
806,BUY ORDER,31-10-2018,MICR.BO,1,52.1,,,,,
807,BUY ORDER,01-11-2018,MICR.BO,1,52.1,,,,,
808,BUY ORDER,02-11-2018,MICR.BO,1,52.1,,,,,
809,BUY ORDER,05-11-2018,MICR.BO,1,52.1,,,,,
810,BUY ORDER,06-11-2018,MICR.BO,1,52.1,,,,,
811,BUY ORDER,07-11-2018,MICR.BO,1,52.1,,,,,
812,BUY ORDER,09-11-2018,MICR.BO,1,52.1,,,,,
813,BUY ORDER,12-11-2018,MICR.BO,1,52.1,,,,,
814,BUY ORDER,13-11-2018,MICR.BO,1,52.1,,,,,
815,BUY ORDER,14-11-2018,MICR.BO,1,52.1,,,,,
816,BUY ORDER,15-11-2018,MICR.BO,1,52.1,,,,,
817,BUY ORDER,16-11-2018,MICR.BO,1,52.1,,,,,
818,BUY ORDER,19-11-2018,MICR.BO,1,52.1,,,,,
819,BUY ORDER,20-11-2018,MICR.BO,1,52.1,,,,,
820,BUY ORDER,21-11-2018,MICR.BO,1,52.1,,,,,
821,BUY ORDER,22-11-2018,MICR.BO,1,52.1,,,,,
822,BUY ORDER,26-11-2018,MICR.BO,1,52.1,,,,,
823,BUY ORDER,27-11-2018,MICR.BO,1,52.1,,,,,
824,BUY ORDER,28-11-2018,MICR.BO,1,52.1,,,,,
825,BUY ORDER,29-11-2018,MICR.BO,1,52.1,,,,,
826,BUY ORDER,30-11-2018,MICR.BO,1,52.1,,,,,
827,BUY ORDER,03-12-2018,MICR.BO,1,52.1,,,,,
828,BUY ORDER,04-12-2018,MICR.BO,1,52.1,,,,,
829,BUY ORDER,05-12-2018,MICR.BO,1,52.1,,,,,
830,BUY ORDER,06-12-2018,MICR.BO,1,52.1,,,,,
831,BUY ORDER,07-12-2018,MICR.BO,1,52.1,,,,,
832,BUY ORDER,10-12-2018,MICR.BO,1,52.1,,,,,
833,BUY ORDER,11-12-2018,MICR.BO,1,49.5,,,,,
834,BUY ORDER,12-12-2018,MICR.BO,1,49.5,,,,,
835,BUY ORDER,13-12-2018,MICR.BO,1,49.5,,,,,
836,BUY ORDER,14-12-2018,MICR.BO,1,49.5,,,,,
837,BUY ORDER,17-12-2018,MICR.BO,1,49.5,,,,,
838,BUY ORDER,18-12-2018,MICR.BO,1,49.5,,,,,
839,BUY ORDER,19-12-2018,MICR.BO,1,49.5,,,,,
840,BUY ORDER,20-12-2018,MICR.BO,1,49.5,,,,,
841,BUY ORDER,21-12-2018,MICR.BO,1,49.5,,,,,
842,BUY ORDER,24-12-2018,MICR.BO,1,49.5,,,,,
843,BUY ORDER,26-12-2018,MICR.BO,1,49.5,,,,,
844,BUY ORDER,27-12-2018,MICR.BO,1,49.5,,,,,
845,BUY ORDER,28-12-2018,MICR.BO,1,49.5,,,,,
846,BUY ORDER,31-12-2018,MICR.BO,1,49.5,,,,,
847,BUY ORDER,01-01-2019,MICR.BO,1,49.5,,,,,
848,BUY ORDER,02-01-2019,MICR.BO,1,49.5,,,,,
849,BUY ORDER,03-01-2019,MICR.BO,1,49.5,,,,,
850,BUY ORDER,04-01-2019,MICR.BO,1,49.5,,,,,
851,BUY ORDER,07-01-2019,MICR.BO,1,49.5,,,,,
852,BUY ORDER,08-01-2019,MICR.BO,1,49.5,,,,,
853,BUY ORDER,09-01-2019,MICR.BO,1,49.5,,,,,
854,BUY ORDER,10-01-2019,MICR.BO,1,49.5,,,,,
855,BUY ORDER,11-01-2019,MICR.BO,1,49.5,,,,,
856,BUY ORDER,14-01-2019,MICR.BO,1,49.5,,,,,
857,BUY ORDER,15-01-2019,MICR.BO,1,49.5,,,,,
858,BUY ORDER,16-01-2019,MICR.BO,1,49.5,,,,,
859,BUY ORDER,17-01-2019,MICR.BO,1,49.5,,,,,
860,BUY ORDER,18-01-2019,MICR.BO,1,49.5,,,,,
861,BUY ORDER,21-01-2019,MICR.BO,1,49.5,,,,,
862,BUY ORDER,22-01-2019,MICR.BO,1,45.95,,,,,
863,BUY ORDER,23-01-2019,MICR.BO,1,45.95,,,,,
864,BUY ORDER,24-01-2019,MICR.BO,1,45.95,,,,,
865,BUY ORDER,25-01-2019,MICR.BO,1,45.95,,,,,
866,BUY ORDER,28-01-2019,MICR.BO,1,45.95,,,,,
867,BUY ORDER,29-01-2019,MICR.BO,1,45.95,,,,,
868,BUY ORDER,30-01-2019,MICR.BO,1,45.95,,,,,
869,BUY ORDER,31-01-2019,MICR.BO,1,45.95,,,,,
870,BUY ORDER,01-02-2019,MICR.BO,1,45.95,,,,,
871,BUY ORDER,04-02-2019,MICR.BO,1,45.95,,,,,
872,BUY ORDER,05-02-2019,MICR.BO,1,45.95,,,,,
873,BUY ORDER,06-02-2019,MICR.BO,1,45.95,,,,,
874,BUY ORDER,07-02-2019,MICR.BO,1,45.95,,,,,
875,BUY ORDER,08-02-2019,MICR.BO,1,45.95,,,,,
876,BUY ORDER,11-02-2019,MICR.BO,1,45.95,,,,,
877,BUY ORDER,12-02-2019,MICR.BO,1,45.95,,,,,
878,BUY ORDER,13-02-2019,MICR.BO,1,45.95,,,,,
879,BUY ORDER,14-02-2019,MICR.BO,1,45.95,,,,,
880,BUY ORDER,15-02-2019,MICR.BO,1,45.95,,,,,
881,BUY ORDER,18-02-2019,MICR.BO,1,45.95,,,,,
882,BUY ORDER,19-02-2019,MICR.BO,1,45.95,,,,,
883,BUY ORDER,20-02-2019,MICR.BO,1,45.95,,,,,
884,BUY ORDER,21-02-2019,MICR.BO,1,45.95,,,,,
885,BUY ORDER,22-02-2019,MICR.BO,1,45.95,,,,,
886,BUY ORDER,25-02-2019,MICR.BO,1,45.95,,,,,
887,BUY ORDER,26-02-2019,MICR.BO,1,45.95,,,,,
888,BUY ORDER,27-02-2019,MICR.BO,1,45.95,,,,,
889,BUY ORDER,28-02-2019,MICR.BO,1,45.95,,,,,
890,BUY ORDER,01-03-2019,MICR.BO,1,45.95,,,,,
891,BUY ORDER,05-03-2019,MICR.BO,1,45.95,,,,,
892,BUY ORDER,06-03-2019,MICR.BO,1,45.95,,,,,
893,BUY ORDER,07-03-2019,MICR.BO,1,45.95,,,,,
894,BUY ORDER,08-03-2019,MICR.BO,1,45.95,,,,,
895,BUY ORDER,11-03-2019,MICR.BO,1,45.95,,,,,
896,BUY ORDER,12-03-2019,MICR.BO,1,45.95,,,,,
897,BUY ORDER,13-03-2019,MICR.BO,1,45.95,,,,,
898,BUY ORDER,14-03-2019,MICR.BO,1,45.95,,,,,
899,BUY ORDER,15-03-2019,MICR.BO,1,45.95,,,,,
900,BUY ORDER,18-03-2019,MICR.BO,1,45.95,,,,,
901,BUY ORDER,19-03-2019,MICR.BO,1,45.95,,,,,
902,BUY ORDER,20-03-2019,MICR.BO,1,45.95,,,,,
903,BUY ORDER,22-03-2019,MICR.BO,1,45.95,,,,,
904,BUY ORDER,25-03-2019,MICR.BO,1,45.95,,,,,
905,BUY ORDER,26-03-2019,MICR.BO,1,45.95,,,,,
906,BUY ORDER,27-03-2019,MICR.BO,1,45.95,,,,,
907,BUY ORDER,28-03-2019,MICR.BO,1,45.95,,,,,
908,BUY ORDER,29-03-2019,MICR.BO,1,45.95,,,,,
909,BUY ORDER,01-04-2019,MICR.BO,1,45.95,,,,,
910,BUY ORDER,02-04-2019,MICR.BO,1,45.95,,,,,
911,BUY ORDER,03-04-2019,MICR.BO,1,45.95,,,,,
912,BUY ORDER,04-04-2019,MICR.BO,1,45.95,,,,,
913,BUY ORDER,05-04-2019,MICR.BO,1,45.95,,,,,
914,BUY ORDER,08-04-2019,MICR.BO,1,45.95,,,,,
915,BUY ORDER,09-04-2019,MICR.BO,1,45.95,,,,,
916,BUY ORDER,10-04-2019,MICR.BO,1,45.95,,,,,
917,BUY ORDER,11-04-2019,MICR.BO,1,45.95,,,,,
918,BUY ORDER,12-04-2019,MICR.BO,1,45.95,,,,,
919,BUY ORDER,15-04-2019,MICR.BO,1,45.95,,,,,
920,BUY ORDER,16-04-2019,MICR.BO,1,45.95,,,,,
921,BUY ORDER,18-04-2019,MICR.BO,1,45.95,,,,,
922,BUY ORDER,22-04-2019,MICR.BO,1,44.0,,,,,
923,BUY ORDER,23-04-2019,MICR.BO,1,44.0,,,,,
924,BUY ORDER,24-04-2019,MICR.BO,1,44.0,,,,,
925,BUY ORDER,25-04-2019,MICR.BO,1,44.0,,,,,
926,BUY ORDER,26-04-2019,MICR.BO,1,44.0,,,,,
927,BUY ORDER,30-04-2019,MICR.BO,1,44.0,,,,,
928,BUY ORDER,02-05-2019,MICR.BO,1,44.0,,,,,
929,BUY ORDER,03-05-2019,MICR.BO,1,44.0,,,,,
930,BUY ORDER,06-05-2019,MICR.BO,1,44.0,,,,,
931,BUY ORDER,07-05-2019,MICR.BO,1,44.0,,,,,
932,BUY ORDER,08-05-2019,MICR.BO,1,44.0,,,,,
933,BUY ORDER,09-05-2019,MICR.BO,1,44.0,,,,,
934,BUY ORDER,10-05-2019,MICR.BO,1,44.0,,,,,
935,BUY ORDER,13-05-2019,MICR.BO,1,44.0,,,,,
936,BUY ORDER,14-05-2019,MICR.BO,1,44.0,,,,,
937,BUY ORDER,15-05-2019,MICR.BO,1,44.0,,,,,
938,BUY ORDER,16-05-2019,MICR.BO,1,44.0,,,,,
939,BUY ORDER,17-05-2019,MICR.BO,1,44.0,,,,,
940,BUY ORDER,20-05-2019,MICR.BO,1,44.0,,,,,
941,BUY ORDER,21-05-2019,MICR.BO,1,44.0,,,,,
942,BUY ORDER,22-05-2019,MICR.BO,1,44.0,,,,,
943,BUY ORDER,23-05-2019,MICR.BO,1,44.0,,,,,
944,BUY ORDER,24-05-2019,MICR.BO,1,44.0,,,,,
945,BUY ORDER,27-05-2019,MICR.BO,1,44.0,,,,,
946,BUY ORDER,28-05-2019,MICR.BO,1,44.0,,,,,
947,BUY TRADE,29-05-2019,MICR.BO,1,44.0,,,,,
948,SELL ORDER,29-05-2019,MICR.BO,-1,31.8,,,,,
949,SELL ORDER,30-05-2019,MICR.BO,-1,31.8,,,,,
950,SELL ORDER,31-05-2019,MICR.BO,-1,31.8,,,,,
951,SELL ORDER,03-06-2019,MICR.BO,-1,31.8,,,,,
952,SELL ORDER,04-06-2019,MICR.BO,-1,31.8,,,,,
953,SELL ORDER,06-06-2019,MICR.BO,-1,31.8,,,,,
954,SELL ORDER,07-06-2019,MICR.BO,-1,31.8,,,,,
955,SELL ORDER,10-06-2019,MICR.BO,-1,31.8,,,,,
956,SELL ORDER,11-06-2019,MICR.BO,-1,31.8,,,,,
957,SELL ORDER,12-06-2019,MICR.BO,-1,31.8,,,,,
958,SELL ORDER,13-06-2019,MICR.BO,-1,31.8,,,,,
959,SELL ORDER,14-06-2019,MICR.BO,-1,31.8,,,,,
960,SELL ORDER,17-06-2019,MICR.BO,-1,31.8,,,,,
961,SELL ORDER,18-06-2019,MICR.BO,-1,31.8,,,,,
962,SELL ORDER,19-06-2019,MICR.BO,-1,31.8,,,,,
963,SELL ORDER,20-06-2019,MICR.BO,-1,31.8,,,,,
964,SELL ORDER,21-06-2019,MICR.BO,-1,31.8,,,,,
965,SELL ORDER,24-06-2019,MICR.BO,-1,33.0,,,,,
966,SELL ORDER,25-06-2019,MICR.BO,-1,33.0,,,,,
967,SELL ORDER,26-06-2019,MICR.BO,-1,33.0,,,,,
968,SELL ORDER,27-06-2019,MICR.BO,-1,33.0,,,,,
969,SELL ORDER,28-06-2019,MICR.BO,-1,33.0,,,,,
970,SELL ORDER,01-07-2019,MICR.BO,-1,33.0,,,,,
971,SELL ORDER,02-07-2019,MICR.BO,-1,33.0,,,,,
972,SELL ORDER,03-07-2019,MICR.BO,-1,33.0,,,,,
973,SELL ORDER,04-07-2019,MICR.BO,-1,33.0,,,,,
974,SELL ORDER,05-07-2019,MICR.BO,-1,33.0,,,,,
975,SELL ORDER,08-07-2019,MICR.BO,-1,33.0,,,,,
976,SELL ORDER,09-07-2019,MICR.BO,-1,33.0,,,,,
977,SELL ORDER,10-07-2019,MICR.BO,-1,33.0,,,,,
978,SELL ORDER,11-07-2019,MICR.BO,-1,33.0,,,,,
979,SELL ORDER,12-07-2019,MICR.BO,-1,33.0,,,,,
980,SELL ORDER,15-07-2019,MICR.BO,-1,33.0,,,,,
981,SELL ORDER,16-07-2019,MICR.BO,-1,35.0,,,,,
982,SELL ORDER,17-07-2019,MICR.BO,-1,35.0,,,,,
983,SELL ORDER,18-07-2019,MICR.BO,-1,35.0,,,,,
984,SELL ORDER,19-07-2019,MICR.BO,-1,35.0,,,,,
985,SELL TRADE,22-07-2019,MICR.BO,-1,34.8,,,,,
986,HISAB,22-07-2019,MICR.BO,LONG,34.8,-9.2,-20.91,37.0,-14.149999999999999,11.799999999999999
987,BUY ORDER,22-07-2019,MICR.BO,1,44.3,,,,,
988,BUY ORDER,23-07-2019,MICR.BO,1,44.3,,,,,
989,BUY ORDER,24-07-2019,MICR.BO,1,44.3,,,,,
990,BUY ORDER,25-07-2019,MICR.BO,1,44.3,,,,,
991,BUY ORDER,26-07-2019,MICR.BO,1,44.3,,,,,
992,BUY ORDER,29-07-2019,MICR.BO,1,44.3,,,,,
993,BUY ORDER,30-07-2019,MICR.BO,1,44.3,,,,,
994,BUY ORDER,31-07-2019,MICR.BO,1,44.3,,,,,
995,BUY ORDER,01-08-2019,MICR.BO,1,44.3,,,,,
996,BUY ORDER,02-08-2019,MICR.BO,1,44.3,,,,,
997,BUY ORDER,05-08-2019,MICR.BO,1,44.3,,,,,
998,BUY ORDER,06-08-2019,MICR.BO,1,44.3,,,,,
999,BUY ORDER,07-08-2019,MICR.BO,1,44.3,,,,,
1000,BUY ORDER,08-08-2019,MICR.BO,1,44.3,,,,,
1001,BUY ORDER,09-08-2019,MICR.BO,1,44.3,,,,,
1002,BUY ORDER,13-08-2019,MICR.BO,1,44.3,,,,,
1003,BUY ORDER,14-08-2019,MICR.BO,1,44.3,,,,,
1004,BUY ORDER,16-08-2019,MICR.BO,1,44.3,,,,,
1005,BUY ORDER,19-08-2019,MICR.BO,1,38.5,,,,,
1006,BUY ORDER,20-08-2019,MICR.BO,1,38.5,,,,,
1007,BUY ORDER,21-08-2019,MICR.BO,1,38.5,,,,,
1008,BUY ORDER,22-08-2019,MICR.BO,1,38.5,,,,,
1009,BUY ORDER,23-08-2019,MICR.BO,1,38.5,,,,,
1010,BUY ORDER,26-08-2019,MICR.BO,1,38.5,,,,,
1011,BUY ORDER,27-08-2019,MICR.BO,1,38.5,,,,,
1012,BUY ORDER,28-08-2019,MICR.BO,1,38.5,,,,,
1013,BUY ORDER,29-08-2019,MICR.BO,1,38.5,,,,,
1014,BUY ORDER,30-08-2019,MICR.BO,1,38.5,,,,,
1015,BUY ORDER,03-09-2019,MICR.BO,1,38.5,,,,,
1016,BUY ORDER,04-09-2019,MICR.BO,1,38.5,,,,,
1017,BUY ORDER,05-09-2019,MICR.BO,1,38.5,,,,,
1018,BUY ORDER,06-09-2019,MICR.BO,1,38.5,,,,,
1019,BUY ORDER,09-09-2019,MICR.BO,1,38.5,,,,,
1020,BUY ORDER,11-09-2019,MICR.BO,1,38.5,,,,,
1021,BUY ORDER,12-09-2019,MICR.BO,1,38.5,,,,,
1022,BUY ORDER,13-09-2019,MICR.BO,1,38.5,,,,,
1023,BUY ORDER,16-09-2019,MICR.BO,1,38.5,,,,,
1024,BUY ORDER,16-09-2019,MICR.BO,1,38.5,,,,,
1025,BUY ORDER,18-09-2019,MICR.BO,1,38.5,,,,,
1026,BUY ORDER,19-09-2019,MICR.BO,1,38.5,,,,,
1027,BUY TRADE,20-09-2019,MICR.BO,1,38.5,,,,,
1028,SELL ORDER,20-09-2019,MICR.BO,-1,30.8,,,,,
1029,SELL ORDER,23-09-2019,MICR.BO,-1,30.8,,,,,
1030,SELL ORDER,24-09-2019,MICR.BO,-1,30.8,,,,,
1031,SELL ORDER,25-09-2019,MICR.BO,-1,30.8,,,,,
1032,SELL ORDER,26-09-2019,MICR.BO,-1,30.8,,,,,
1033,SELL ORDER,27-09-2019,MICR.BO,-1,30.8,,,,,
1034,SELL ORDER,30-09-2019,MICR.BO,-1,30.8,,,,,
1035,SELL ORDER,01-10-2019,MICR.BO,-1,30.8,,,,,
1036,SELL ORDER,03-10-2019,MICR.BO,-1,30.8,,,,,
1037,SELL ORDER,04-10-2019,MICR.BO,-1,30.8,,,,,
1038,SELL ORDER,07-10-2019,MICR.BO,-1,30.8,,,,,
1039,SELL ORDER,09-10-2019,MICR.BO,-1,36.85,,,,,
1040,SELL ORDER,10-10-2019,MICR.BO,-1,36.85,,,,,
1041,SELL ORDER,11-10-2019,MICR.BO,-1,36.85,,,,,
1042,SELL ORDER,14-10-2019,MICR.BO,-1,36.85,,,,,
1043,SELL ORDER,15-10-2019,MICR.BO,-1,36.85,,,,,
1044,SELL ORDER,16-10-2019,MICR.BO,-1,36.85,,,,,
1045,SELL ORDER,17-10-2019,MICR.BO,-1,36.85,,,,,
1046,SELL ORDER,18-10-2019,MICR.BO,-1,37.1,,,,,
1047,SELL ORDER,22-10-2019,MICR.BO,-1,37.1,,,,,
1048,SELL TRADE,23-10-2019,MICR.BO,-1,37.1,,,,,
1049,HISAB,23-10-2019,MICR.BO,LONG,37.3,-1.4,-3.12,20.0,-15.549999999999999,13.2
1050,BUY ORDER,23-10-2019,MICR.BO,1,42.1,,,,,
1051,BUY ORDER,24-10-2019,MICR.BO,1,42.1,,,,,
1052,BUY ORDER,25-10-2019,MICR.BO,1,42.1,,,,,
1053,BUY ORDER,27-10-2019,MICR.BO,1,42.1,,,,,
1054,BUY ORDER,29-10-2019,MICR.BO,1,42.1,,,,,
1055,BUY ORDER,30-10-2019,MICR.BO,1,42.1,,,,,
1056,BUY ORDER,31-10-2019,MICR.BO,1,42.1,,,,,
1057,BUY ORDER,01-11-2019,MICR.BO,1,42.1,,,,,
1058,BUY ORDER,04-11-2019,MICR.BO,1,42.1,,,,,
1059,BUY ORDER,05-11-2019,MICR.BO,1,42.1,,,,,
1060,BUY ORDER,06-11-2019,MICR.BO,1,42.1,,,,,
1061,BUY ORDER,07-11-2019,MICR.BO,1,42.1,,,,,
1062,BUY ORDER,08-11-2019,MICR.BO,1,42.1,,,,,
1063,BUY ORDER,11-11-2019,MICR.BO,1,42.1,,,,,
1064,BUY ORDER,13-11-2019,MICR.BO,1,42.1,,,,,
1065,BUY ORDER,14-11-2019,MICR.BO,1,41.0,,,,,
1066,BUY ORDER,15-11-2019,MICR.BO,1,41.0,,,,,
1067,BUY ORDER,18-11-2019,MICR.BO,1,41.0,,,,,
1068,BUY ORDER,19-11-2019,MICR.BO,1,41.0,,,,,
1069,BUY ORDER,20-11-2019,MICR.BO,1,41.0,,,,,
1070,BUY ORDER,21-11-2019,MICR.BO,1,41.0,,,,,
1071,BUY ORDER,22-11-2019,MICR.BO,1,41.0,,,,,
1072,BUY ORDER,25-11-2019,MICR.BO,1,41.0,,,,,
1073,BUY ORDER,26-11-2019,MICR.BO,1,41.0,,,,,
1074,BUY ORDER,27-11-2019,MICR.BO,1,41.0,,,,,
1075,BUY ORDER,28-11-2019,MICR.BO,1,41.0,,,,,
1076,BUY ORDER,29-11-2019,MICR.BO,1,41.0,,,,,
1077,BUY ORDER,02-12-2019,MICR.BO,1,41.0,,,,,
1078,BUY ORDER,03-12-2019,MICR.BO,1,41.0,,,,,
1079,BUY ORDER,04-12-2019,MICR.BO,1,41.0,,,,,
1080,BUY ORDER,05-12-2019,MICR.BO,1,41.0,,,,,
1081,BUY ORDER,06-12-2019,MICR.BO,1,41.0,,,,,
1082,BUY ORDER,09-12-2019,MICR.BO,1,41.0,,,,,
1083,BUY ORDER,10-12-2019,MICR.BO,1,41.0,,,,,
1084,BUY ORDER,11-12-2019,MICR.BO,1,41.0,,,,,
1085,BUY ORDER,12-12-2019,MICR.BO,1,41.0,,,,,
1086,BUY ORDER,13-12-2019,MICR.BO,1,41.0,,,,,
1087,BUY ORDER,16-12-2019,MICR.BO,1,41.0,,,,,
1088,BUY ORDER,17-12-2019,MICR.BO,1,41.0,,,,,
1089,BUY ORDER,18-12-2019,MICR.BO,1,41.0,,,,,
1090,BUY ORDER,19-12-2019,MICR.BO,1,41.0,,,,,
1091,BUY ORDER,20-12-2019,MICR.BO,1,41.0,,,,,
1092,BUY ORDER,23-12-2019,MICR.BO,1,41.0,,,,,
1093,BUY ORDER,24-12-2019,MICR.BO,1,41.0,,,,,
1094,BUY ORDER,26-12-2019,MICR.BO,1,41.0,,,,,
1095,BUY ORDER,27-12-2019,MICR.BO,1,41.0,,,,,
1096,BUY ORDER,30-12-2019,MICR.BO,1,41.0,,,,,
1097,BUY ORDER,31-12-2019,MICR.BO,1,41.0,,,,,
1098,BUY ORDER,01-01-2020,MICR.BO,1,41.0,,,,,
1099,BUY ORDER,02-01-2020,MICR.BO,1,41.0,,,,,
1100,BUY ORDER,03-01-2020,MICR.BO,1,41.0,,,,,
1101,BUY ORDER,06-01-2020,MICR.BO,1,41.0,,,,,
1102,BUY ORDER,07-01-2020,MICR.BO,1,41.0,,,,,
1103,BUY ORDER,08-01-2020,MICR.BO,1,41.0,,,,,
1104,BUY ORDER,09-01-2020,MICR.BO,1,41.0,,,,,
1105,BUY ORDER,10-01-2020,MICR.BO,1,41.0,,,,,
1106,BUY ORDER,13-01-2020,MICR.BO,1,41.0,,,,,
1107,BUY ORDER,14-01-2020,MICR.BO,1,41.0,,,,,
1108,BUY ORDER,15-01-2020,MICR.BO,1,41.0,,,,,
1109,BUY ORDER,16-01-2020,MICR.BO,1,41.0,,,,,
1110,BUY ORDER,17-01-2020,MICR.BO,1,41.0,,,,,
1111,BUY ORDER,20-01-2020,MICR.BO,1,41.0,,,,,
1112,BUY ORDER,21-01-2020,MICR.BO,1,41.0,,,,,
1113,BUY ORDER,22-01-2020,MICR.BO,1,41.0,,,,,
1114,BUY ORDER,23-01-2020,MICR.BO,1,41.0,,,,,
1115,BUY ORDER,24-01-2020,MICR.BO,1,41.0,,,,,
1116,BUY ORDER,27-01-2020,MICR.BO,1,41.0,,,,,
1117,BUY ORDER,28-01-2020,MICR.BO,1,41.0,,,,,
1118,BUY ORDER,29-01-2020,MICR.BO,1,41.0,,,,,
1119,BUY ORDER,30-01-2020,MICR.BO,1,41.0,,,,,
1120,BUY ORDER,31-01-2020,MICR.BO,1,41.0,,,,,
1121,BUY ORDER,01-02-2020,MICR.BO,1,38.0,,,,,
1122,BUY ORDER,03-02-2020,MICR.BO,1,38.0,,,,,
1123,BUY ORDER,04-02-2020,MICR.BO,1,38.0,,,,,
1124,BUY ORDER,05-02-2020,MICR.BO,1,38.0,,,,,
1125,BUY ORDER,06-02-2020,MICR.BO,1,38.0,,,,,
1126,BUY ORDER,07-02-2020,MICR.BO,1,38.0,,,,,
1127,BUY ORDER,10-02-2020,MICR.BO,1,38.0,,,,,
1128,BUY ORDER,11-02-2020,MICR.BO,1,38.0,,,,,
1129,BUY ORDER,12-02-2020,MICR.BO,1,38.0,,,,,
1130,BUY ORDER,13-02-2020,MICR.BO,1,38.0,,,,,
1131,BUY ORDER,14-02-2020,MICR.BO,1,38.0,,,,,
1132,BUY ORDER,17-02-2020,MICR.BO,1,38.0,,,,,
1133,BUY ORDER,18-02-2020,MICR.BO,1,35.9,,,,,
1134,BUY ORDER,19-02-2020,MICR.BO,1,35.9,,,,,
1135,BUY ORDER,20-02-2020,MICR.BO,1,35.9,,,,,
1136,BUY ORDER,24-02-2020,MICR.BO,1,35.9,,,,,
1137,BUY ORDER,25-02-2020,MICR.BO,1,35.9,,,,,
1138,BUY ORDER,26-02-2020,MICR.BO,1,35.9,,,,,
1139,BUY ORDER,27-02-2020,MICR.BO,1,35.9,,,,,
1140,BUY ORDER,28-02-2020,MICR.BO,1,35.9,,,,,
1141,BUY ORDER,02-03-2020,MICR.BO,1,35.9,,,,,
1142,BUY ORDER,03-03-2020,MICR.BO,1,35.9,,,,,
1143,BUY ORDER,04-03-2020,MICR.BO,1,35.9,,,,,
1144,BUY ORDER,05-03-2020,MICR.BO,1,35.9,,,,,
1145,BUY ORDER,06-03-2020,MICR.BO,1,35.9,,,,,
1146,BUY ORDER,09-03-2020,MICR.BO,1,35.9,,,,,
1147,BUY ORDER,11-03-2020,MICR.BO,1,35.9,,,,,
1148,BUY ORDER,12-03-2020,MICR.BO,1,35.9,,,,,
1149,BUY ORDER,13-03-2020,MICR.BO,1,35.9,,,,,
1150,BUY ORDER,16-03-2020,MICR.BO,1,35.9,,,,,
1151,BUY ORDER,17-03-2020,MICR.BO,1,35.9,,,,,
1152,BUY ORDER,18-03-2020,MICR.BO,1,35.9,,,,,
1153,BUY ORDER,19-03-2020,MICR.BO,1,35.9,,,,,
1154,BUY ORDER,20-03-2020,MICR.BO,1,35.9,,,,,
1155,BUY ORDER,23-03-2020,MICR.BO,1,35.9,,,,,
1156,BUY ORDER,24-03-2020,MICR.BO,1,35.9,,,,,
1157,BUY ORDER,25-03-2020,MICR.BO,1,35.9,,,,,
1158,BUY ORDER,26-03-2020,MICR.BO,1,35.9,,,,,
1159,BUY ORDER,27-03-2020,MICR.BO,1,35.9,,,,,
1160,BUY ORDER,30-03-2020,MICR.BO,1,35.9,,,,,
1161,BUY ORDER,31-03-2020,MICR.BO,1,35.9,,,,,
1162,BUY ORDER,01-04-2020,MICR.BO,1,35.9,,,,,
1163,BUY ORDER,03-04-2020,MICR.BO,1,35.9,,,,,
1164,BUY ORDER,07-04-2020,MICR.BO,1,35.9,,,,,
1165,BUY ORDER,08-04-2020,MICR.BO,1,35.9,,,,,
1166,BUY ORDER,09-04-2020,MICR.BO,1,35.9,,,,,
1167,BUY ORDER,13-04-2020,MICR.BO,1,35.9,,,,,
1168,BUY ORDER,15-04-2020,MICR.BO,1,35.9,,,,,
1169,BUY ORDER,16-04-2020,MICR.BO,1,35.9,,,,,
1170,BUY ORDER,17-04-2020,MICR.BO,1,35.9,,,,,
1171,BUY ORDER,20-04-2020,MICR.BO,1,35.9,,,,,
1172,BUY ORDER,21-04-2020,MICR.BO,1,35.9,,,,,
1173,BUY ORDER,22-04-2020,MICR.BO,1,35.9,,,,,
1174,BUY ORDER,23-04-2020,MICR.BO,1,35.9,,,,,
1175,BUY ORDER,24-04-2020,MICR.BO,1,35.9,,,,,
1176,BUY ORDER,27-04-2020,MICR.BO,1,35.9,,,,,
1177,BUY ORDER,28-04-2020,MICR.BO,1,35.9,,,,,
1178,BUY ORDER,29-04-2020,MICR.BO,1,35.9,,,,,
1179,BUY ORDER,30-04-2020,MICR.BO,1,35.9,,,,,
1180,BUY ORDER,04-05-2020,MICR.BO,1,35.9,,,,,
1181,BUY ORDER,05-05-2020,MICR.BO,1,35.9,,,,,
1182,BUY ORDER,06-05-2020,MICR.BO,1,35.9,,,,,
1183,BUY ORDER,07-05-2020,MICR.BO,1,35.9,,,,,
1184,BUY ORDER,08-05-2020,MICR.BO,1,32.4,,,,,
1185,BUY ORDER,11-05-2020,MICR.BO,1,32.4,,,,,
1186,BUY ORDER,12-05-2020,MICR.BO,1,32.4,,,,,
1187,BUY ORDER,13-05-2020,MICR.BO,1,32.4,,,,,
1188,BUY ORDER,14-05-2020,MICR.BO,1,32.4,,,,,
1189,BUY ORDER,15-05-2020,MICR.BO,1,32.4,,,,,
1190,BUY ORDER,18-05-2020,MICR.BO,1,32.4,,,,,
1191,BUY ORDER,19-05-2020,MICR.BO,1,32.4,,,,,
1192,BUY ORDER,20-05-2020,MICR.BO,1,32.4,,,,,
1193,BUY ORDER,21-05-2020,MICR.BO,1,32.4,,,,,
1194,BUY ORDER,22-05-2020,MICR.BO,1,32.4,,,,,
1195,BUY ORDER,26-05-2020,MICR.BO,1,32.4,,,,,
1196,BUY ORDER,27-05-2020,MICR.BO,1,32.4,,,,,
1197,BUY ORDER,28-05-2020,MICR.BO,1,32.4,,,,,
1198,BUY ORDER,29-05-2020,MICR.BO,1,32.4,,,,,
1199,BUY ORDER,01-06-2020,MICR.BO,1,32.4,,,,,
1200,BUY ORDER,02-06-2020,MICR.BO,1,32.4,,,,,
1201,BUY ORDER,03-06-2020,MICR.BO,1,32.4,,,,,
1202,BUY TRADE,04-06-2020,MICR.BO,1,33.0,,,,,
1203,SELL ORDER,04-06-2020,MICR.BO,-1,24.1,,,,,
1204,SELL ORDER,05-06-2020,MICR.BO,-1,24.1,,,,,
1205,SELL ORDER,08-06-2020,MICR.BO,-1,24.1,,,,,
1206,SELL ORDER,09-06-2020,MICR.BO,-1,24.1,,,,,
1207,SELL ORDER,10-06-2020,MICR.BO,-1,24.1,,,,,
1208,SELL ORDER,11-06-2020,MICR.BO,-1,24.1,,,,,
1209,SELL ORDER,12-06-2020,MICR.BO,-1,24.1,,,,,
1210,SELL ORDER,15-06-2020,MICR.BO,-1,24.1,,,,,
1211,SELL ORDER,16-06-2020,MICR.BO,-1,26.85,,,,,
1212,SELL ORDER,17-06-2020,MICR.BO,-1,26.85,,,,,
1213,SELL ORDER,18-06-2020,MICR.BO,-1,26.85,,,,,
1214,SELL ORDER,19-06-2020,MICR.BO,-1,26.85,,,,,
1215,SELL ORDER,22-06-2020,MICR.BO,-1,26.85,,,,,
1216,SELL ORDER,23-06-2020,MICR.BO,-1,26.85,,,,,
1217,SELL ORDER,24-06-2020,MICR.BO,-1,26.85,,,,,
1218,SELL ORDER,25-06-2020,MICR.BO,-1,26.85,,,,,
1219,SELL ORDER,26-06-2020,MICR.BO,-1,26.85,,,,,
1220,SELL ORDER,29-06-2020,MICR.BO,-1,26.85,,,,,
1221,SELL ORDER,30-06-2020,MICR.BO,-1,26.85,,,,,
1222,SELL ORDER,01-07-2020,MICR.BO,-1,26.85,,,,,
1223,SELL ORDER,02-07-2020,MICR.BO,-1,26.85,,,,,
1224,SELL ORDER,03-07-2020,MICR.BO,-1,26.85,,,,,
1225,SELL ORDER,06-07-2020,MICR.BO,-1,26.85,,,,,
1226,SELL ORDER,07-07-2020,MICR.BO,-1,26.85,,,,,
1227,SELL ORDER,08-07-2020,MICR.BO,-1,26.85,,,,,
1228,SELL ORDER,09-07-2020,MICR.BO,-1,26.85,,,,,
1229,SELL ORDER,10-07-2020,MICR.BO,-1,26.85,,,,,
1230,SELL ORDER,13-07-2020,MICR.BO,-1,26.85,,,,,
1231,SELL ORDER,14-07-2020,MICR.BO,-1,31.45,,,,,
1232,SELL TRADE,15-07-2020,MICR.BO,-1,31.45,,,,,
1233,HISAB,15-07-2020,MICR.BO,LONG,31.9,-1.55,-3.33,29.0,-17.099999999999998,14.749999999999998
1234,BUY ORDER,15-07-2020,MICR.BO,1,39.15,,,,,
1235,BUY ORDER,16-07-2020,MICR.BO,1,39.15,,,,,
1236,BUY ORDER,17-07-2020,MICR.BO,1,39.15,,,,,
1237,BUY ORDER,20-07-2020,MICR.BO,1,39.15,,,,,
1238,BUY ORDER,21-07-2020,MICR.BO,1,39.15,,,,,
1239,BUY ORDER,22-07-2020,MICR.BO,1,39.15,,,,,
1240,BUY ORDER,23-07-2020,MICR.BO,1,39.15,,,,,
1241,BUY ORDER,24-07-2020,MICR.BO,1,39.15,,,,,
1242,BUY ORDER,27-07-2020,MICR.BO,1,39.15,,,,,
1243,BUY ORDER,28-07-2020,MICR.BO,1,39.15,,,,,
1244,BUY ORDER,29-07-2020,MICR.BO,1,39.15,,,,,
1245,BUY ORDER,30-07-2020,MICR.BO,1,39.15,,,,,
1246,BUY ORDER,31-07-2020,MICR.BO,1,39.15,,,,,
1247,BUY ORDER,03-08-2020,MICR.BO,1,39.15,,,,,
1248,BUY ORDER,04-08-2020,MICR.BO,1,39.15,,,,,
1249,BUY ORDER,05-08-2020,MICR.BO,1,39.15,,,,,
1250,BUY ORDER,06-08-2020,MICR.BO,1,39.15,,,,,
1251,BUY ORDER,07-08-2020,MICR.BO,1,39.15,,,,,
1252,BUY ORDER,10-08-2020,MICR.BO,1,39.15,,,,,
1253,BUY ORDER,11-08-2020,MICR.BO,1,39.15,,,,,
1254,BUY ORDER,12-08-2020,MICR.BO,1,39.15,,,,,
1255,BUY ORDER,13-08-2020,MICR.BO,1,39.15,,,,,
1256,BUY ORDER,14-08-2020,MICR.BO,1,39.15,,,,,
1257,BUY ORDER,17-08-2020,MICR.BO,1,39.15,,,,,
1258,BUY ORDER,18-08-2020,MICR.BO,1,39.15,,,,,
1259,BUY ORDER,19-08-2020,MICR.BO,1,39.15,,,,,
1260,BUY ORDER,20-08-2020,MICR.BO,1,39.15,,,,,
1261,BUY ORDER,21-08-2020,MICR.BO,1,39.15,,,,,
1262,BUY ORDER,24-08-2020,MICR.BO,1,39.15,,,,,
1263,BUY ORDER,25-08-2020,MICR.BO,1,39.15,,,,,
1264,BUY ORDER,26-08-2020,MICR.BO,1,39.15,,,,,
1265,BUY ORDER,27-08-2020,MICR.BO,1,39.15,,,,,
